gene,score,validation,label
A2M,0.056364466,False,0
AADACL2-AS1,0.011120266,True,0
ABCA1,0.0020007628,True,0
ABCC12,2.3622886e-06,False,0
ABCC3,0.055136215,False,1
ABCC9,0.00041894702,False,0
ABCF2,0.03184143,False,0
ABCG2,0.01434818,False,0
ABHD14A,0.018383302,False,0
ABHD3,0.026057294,False,0
ABL1,0.010756563,False,0
ABLIM1,0.02280134,False,0
ABRA,0.03569953,True,0
ABTB2,0.03900828,False,0
ACMSD,0.09057116,True,0
ACSBG1,0.02145243,False,0
ACSM6,0.0025796033,True,0
ACTB,0.021703057,False,0
ACTG1,0.024310017,False,0
ACTRT1,0.0014249728,False,0
ACVR1,0.02962029,False,0
ACVR1C,0.023706451,False,0
ADAM28,0.0057366122,False,0
ADAM29,0.035503287,False,0
ADAM32,0.042513184,False,0
ADAM33,0.03650417,True,0
ADAMTS1,0.019946702,False,0
ADAMTS16,0.09213782,False,0
ADAMTS17,0.004625773,True,0
ADAMTS2,0.0035282248,False,0
ADAMTS20,0.0037015858,False,0
ADAMTS3,0.028224126,False,0
ADAMTS9-AS1,0.005241352,False,0
ADAMTSL1,0.012180315,False,0
ADAMTSL3,0.03631222,False,0
ADARB1,0.01529766,False,0
ADARB2-AS1,0.02933155,False,0
ADCY7,0.010806056,False,1
ADCY8,0.024074383,False,0
ADCYAP1,0.049328983,False,0
ADD3,0.024453182,True,0
ADD3-AS1,0.028326042,False,0
ADGRE2,0.0055222106,False,0
ADGRL3,0.043895066,True,0
ADNP,0.04575031,False,0
ADNP2,0.030596869,False,0
ADORA3,0.02262775,False,0
ADRA1A,0.06446052,False,0
ADRA1B,0.010130296,False,0
ADSL,0.049296334,False,0
ADTRP,0.0007314476,False,0
AEBP1,0.023695173,True,0
AEBP2,0.008932331,False,0
AFF3,0.04434827,False,0
AFF4,0.040489525,False,0
AGAP2,0.05971159,True,0
AGBL1,0.024888031,False,0
AHCTF1,0.016161127,False,0
AHDC1,0.027490469,False,1
AHNAK,0.011653604,False,0
AHR,0.016244745,False,0
AHRR,0.056452077,False,0
AK5,0.020250132,True,0
AKAP13,0.02176219,False,0
AKAP5,0.023709744,True,0
ALCAM,0.032500293,False,1
ALDH1A1,0.0012527843,False,0
ALDH1A2,0.028703248,False,0
ALDH1L1-AS2,0.0100787105,False,0
ALK,0.015869211,False,0
ALOX15B,0.0072022732,False,0
ALOX5,0.006649353,True,0
ALX3,0.0066194045,False,0
AMOTL1,0.031684097,False,0
AMZ1,0.03571369,False,1
ANGPTL4,0.024770718,False,0
ANGPTL5,0.022310708,False,0
ANKRD30A,0.012925825,False,0
ANKRD30B,0.047087032,False,0
ANKRD30BL,0.046417955,False,0
ANKRD31,0.038888592,False,0
ANKRD44,0.0525503,False,1
ANKRD50,0.033377863,False,0
ANKRD55,0.04932686,False,0
ANKRD6,0.033738807,True,0
ANKRD7,0.026238749,False,0
ANO2,0.0012581121,False,0
ANO3,0.0076492503,True,0
ANOS1,0.0027232585,True,0
ANXA1,0.00016236333,False,0
ANXA11,0.028507642,True,0
ANXA4,0.043908093,True,0
AOAH,0.012105568,False,0
AP1S1,0.038351413,False,0
AP2S1,0.0076189274,False,0
APBB1IP,0.0055892146,False,0
APLP1,0.04177553,True,0
APLP2,0.013144025,True,0
APOC2,0.042642143,False,0
APOLD1,0.0027678828,False,0
APP,0.038145356,False,0
AQP4,0.002358305,False,0
AQP4-AS1,0.027373176,False,0
AQP9,0.029177608,False,0
ARC,0.00011518199,False,0
ARF3,0.014113169,False,0
ARFGEF3,0.033909906,False,0
ARG1,0.024405448,False,0
ARHGAP12,0.01344655,False,0
ARHGAP18,0.015637431,False,0
ARHGAP22,0.03869577,False,0
ARHGAP24,0.005059281,False,0
ARHGAP25,0.0054910006,False,0
ARHGAP26,0.005877975,True,0
ARHGAP26-AS1,0.0062907133,False,0
ARHGAP28,0.04916749,False,0
ARHGAP42,0.013981114,False,0
ARHGAP6,0.005387005,False,0
ARHGAP8,0.014136535,False,0
ARHGDIG,0.037467025,False,0
ARHGEF10,0.03453605,False,0
ARHGEF26,0.045442842,True,0
ARHGEF28,0.016742427,False,0
ARID3A,0.042424627,False,0
ARID3B,0.03243339,False,0
ARID3C,0.0422652,False,0
ARID5B,0.03580282,False,0
ARL4C,0.080778085,False,0
ARL4D,0.011455209,False,0
ARL6,0.032814264,False,0
ARL6IP4,0.037950985,False,0
ARL6IP5,0.018323328,False,0
ARMC4,0.0031565772,False,0
ARNT,0.03770471,False,0
ARNT2,0.17851675,False,1
ARNTL,0.00333499,False,0
ARNTL2,0.019228615,False,0
ARPC5L,0.050619178,True,0
ARPP19,0.015463967,False,0
ARRDC3-AS1,0.0030785864,True,0
ARSJ,0.085667804,False,0
ART3,0.0006510454,True,0
ARX,0.0017980061,False,0
ASAP1,0.04009327,True,0
ASAP2,0.013056559,False,0
ASB18,0.020183587,True,0
ASCC1,0.040593326,False,0
ASCL1,0.0018506674,True,0
ASH2L,0.0005238254,True,0
ASIC2,0.015696427,False,0
ASPSCR1,0.0057785283,True,0
ASTN2,0.04083552,True,0
ASXL3,0.044849582,False,0
ATF2,0.020306012,False,0
ATF3,0.06190778,False,0
ATF7,0.02614004,False,0
ATG10,0.044789623,False,0
ATOH7,0.004884766,False,0
ATOH8,0.03561342,False,0
ATP11B,0.035082728,False,0
ATP11C,0.011157747,False,0
ATP13A4,0.027601631,False,0
ATP1A1,0.009553794,False,0
ATP1B1,0.04044871,False,0
ATP1B3,0.039534327,True,0
ATP2B4,0.029198071,False,1
ATP6AP1,0.03501697,False,0
ATP6V0B,0.015701821,False,0
ATP6V0C,0.009017701,False,0
ATP6V0D1,0.018185435,False,0
ATP6V1B2,0.022847893,False,0
ATP6V1E1,0.02814794,True,0
ATP6V1G1,0.014697134,False,0
ATP7B,0.04845505,False,0
ATP8B1,0.027003238,False,0
ATP8B4,0.009203772,False,0
ATRNL1,0.0008665645,False,0
ATXN7L3B,0.010903536,False,0
AUTS2,0.019577457,False,1
AXL,0.015147008,False,0
AZGP1,0.022238774,False,0
B2M,0.019519435,False,0
B3GAT1,0.05018459,False,0
B3GLCT,0.0335895,False,0
B4GAT1,0.012898248,False,0
BAALC,0.04094736,True,0
BACE2,0.023344826,False,0
BACH1,0.018835472,False,0
BACH2,0.028295236,True,0
BAIAP3,0.06308829,False,0
BARD1,0.06735877,True,0
BASP1,0.0025264106,False,0
BATF,0.02903007,False,0
BATF3,0.017264916,False,0
BAZ1A,0.02547902,False,0
BBOX1-AS1,0.011947199,False,0
BBX,0.01580924,True,0
BCAP29,0.011482748,False,0
BCAS1,0.022733297,False,0
BCL11A,0.038169276,False,0
BCL11B,0.05777341,True,0
BCL3,0.004777507,False,0
BCL6,0.0015926091,False,0
BCL6B,0.0012783001,False,0
BCLAF1,0.009206839,False,0
BDKRB2,0.0044871727,False,0
BDNF,0.0016666729,False,0
BDP1,0.046064213,False,0
BEX1,0.01310453,False,0
BEX2,0.04578502,False,0
BEX4,0.042271025,False,0
BEX5,0.018756624,True,0
BHLHA15,0.0017097049,False,0
BHLHE22,0.032905143,False,0
BHLHE40,0.0042977985,False,0
BHLHE40-AS1,0.028957678,False,0
BHLHE41,0.037948154,True,0
BICC1,0.030915739,False,0
BIN2,0.014789701,False,0
BLM,0.06532335,False,0
BLNK,0.013156872,False,0
BMP2K,0.019786753,False,0
BMP5,0.0005500346,False,0
BMP6,0.044955075,False,0
BMP8A,0.02873132,False,0
BMPER,0.01761059,True,0
BMPR1B,0.018890621,False,0
BNC2,0.012691839,False,0
BPTF,0.012522105,True,0
BRCA1,0.00735796,False,0
BRF1,0.005156202,False,0
BRF2,0.011455684,False,0
BRINP1,0.04052748,False,0
BRINP2,0.0070766793,False,0
BRINP3,0.04146679,False,0
BRIP1,0.029024232,False,0
BRK1,0.034661543,True,0
BSCL2,0.014532056,False,0
BST2,0.0076394766,False,0
BTBD11,0.007089973,False,0
BTC,0.029138653,False,0
BTG1,0.045909405,False,0
BTG2,0.00027323593,False,0
BTNL9,0.027562061,False,0
BVES,0.009388607,False,0
C11orf87,0.0129614035,False,0
C12orf40,0.00312736,False,0
C12orf42,0.049938917,True,0
C12orf75,0.0017169667,True,0
C14orf132,0.030801874,False,0
C14orf39,0.0075381002,False,0
C1GALT1,0.00035278368,False,0
C1QA,0.011892744,False,0
C1QB,0.016609792,False,0
C1QC,0.016978212,False,0
C1QL3,0.03027425,False,0
C1QTNF4,0.041763317,False,0
C1orf115,0.025295664,False,0
C1orf216,0.0067950985,False,0
C21orf91,0.030876607,True,0
C22orf42,0.06457331,False,0
C2orf88,0.028492114,False,0
C3,0.017528467,False,0
C3AR1,0.0013056701,True,0
C3orf67,0.029633991,False,0
C3orf67-AS1,0.013730304,False,0
C3orf80,0.08454659,False,0
C4orf19,0.034938723,True,0
C4orf45,0.03488429,True,0
C5AR2,0.03160833,False,0
C5orf66,0.009801025,False,0
C6orf58,0.04708776,False,0
C6orf99,0.02508053,True,0
C9orf16,0.033394836,False,0
CA10,0.013325399,True,0
CA2,0.023344468,False,0
CA3,0.026935073,False,0
CA4,0.0124575645,False,0
CA8,0.00018384401,True,0
CABCOCO1,0.021676134,False,0
CABLES1,0.020873088,False,0
CABP7,0.020598523,False,0
CACHD1,0.026962513,False,0
CACNA1C,0.04006813,False,0
CACNA1D,0.036084358,False,0
CACNA1E,0.0050722826,False,0
CACNA2D3,0.007249962,False,0
CACNA2D3-AS1,0.069034,False,0
CACNG3,0.019677646,False,0
CACNG4,0.031118432,False,0
CACYBP,0.0524421,False,0
CADM1,0.03885554,False,0
CADM2,0.004066471,False,0
CADPS,0.012615982,False,0
CADPS2,0.0067704017,True,0
CALB1,0.029030146,False,0
CALB2,0.018669738,True,0
CALM1,0.0051929434,False,0
CALM3,0.006035704,False,0
CALN1,0.026290508,False,0
CALY,0.050449006,False,0
CAMK1D,0.044027038,True,0
CAMK2D,0.021718523,True,0
CAMK2N1,0.0075548347,False,0
CAMK2N2,0.015348024,False,0
CAMKV,0.022596024,True,0
CAPN8,0.0045917514,False,0
CARD11,0.014415054,False,0
CARD8-AS1,0.041758876,False,0
CARF,0.015349362,False,0
CARTPT,0.041573413,True,0
CASC11,0.0051218136,False,0
CASC15,0.04218167,True,0
CASC2,0.041544978,True,0
CASP5,0.007111682,False,0
CASR,0.03181825,False,0
CATSPERB,0.06308417,False,0
CAV1,0.00028232406,True,0
CAV2,0.005267679,False,0
CAV3,0.0283463,False,0
CBFA2T2,0.042811938,False,0
CBFB,0.02697264,False,0
CBLN2,0.010711621,False,0
CBLN4,0.007378709,False,0
CCBE1,0.022762965,False,0
CCDC113,0.029965557,True,0
CCDC144NL,0.019692533,False,0
CCDC148,0.03104005,False,0
CCDC158,0.028077215,True,0
CCDC170,0.04305799,False,0
CCDC175,0.02494255,False,0
CCDC178,0.041045327,False,0
CCDC184,0.08102094,False,0
CCDC192,0.0007502067,False,0
CCDC196,0.004068808,False,0
CCDC25,0.035287708,False,0
CCDC26,0.0016785908,False,0
CCDC3,0.027086852,False,0
CCDC39,0.029947696,False,1
CCDC42,0.005374204,False,0
CCDC60,0.009318598,False,0
CCDC65,0.04860588,False,0
CCDC85A,0.022332935,False,0
CCK,0.011063205,True,0
CCL22,0.0833848,False,0
CCND1,0.018558782,False,0
CCND2-AS1,0.019656185,False,0
CCNG2,0.06326143,False,0
CCNI,0.022180878,False,0
CCNT2,0.0176132,True,0
CCNT2-AS1,0.03365092,True,0
CCNYL1,0.02813179,True,0
CD14,0.031269208,False,0
CD163,0.008011183,False,0
CD163L1,0.015483217,True,0
CD24,0.046407953,False,0
CD300A,0.012096117,False,0
CD3E,0.018799119,True,0
CD55,0.011948016,False,0
CD63,0.0015955301,False,0
CD69,0.031900223,True,0
CD72,0.016070563,False,0
CD74,0.005444364,True,0
CD86,0.009377238,False,0
CDC14A,0.022175003,False,0
CDC14B,0.038772844,False,0
CDCA7L,0.039123617,False,0
CDH10,0.025995206,False,0
CDH11,0.03337659,False,0
CDH12,0.019930527,False,0
CDH18,0.012946868,False,0
CDH19,0.010579419,False,0
CDH20,0.010294207,False,0
CDH22,0.0035828706,False,0
CDH4,0.0042039147,False,0
CDH5,0.037951514,False,1
CDH6,0.006277935,False,0
CDH7,0.04025078,False,0
CDH8,0.009093889,False,0
CDH9,0.020052781,False,0
CDK19,0.022359876,False,0
CDK2AP1,0.010691882,True,0
CDK5R1,0.018176684,False,0
CDK6,0.041059908,False,0
CDKN2A,0.061112326,False,0
CDKN2D,0.032219876,True,0
CDO1,0.03055843,False,0
CDR2,0.016455738,True,0
CDX1,0.04131331,False,0
CDYL2,0.024743639,False,0
CEACAM21,0.038588814,False,0
CEBPA,0.050220538,False,0
CEBPB,0.01868533,False,0
CEBPD,0.00025708758,False,0
CEBPG,0.015323599,False,0
CECR2,0.08071002,False,0
CELF2,0.04029235,False,1
CELF2-AS2,0.090735644,False,0
CELF4,0.023131777,False,0
CELF5,0.07121302,False,1
CELF6,0.024227848,False,0
CEMIP,0.031235447,False,0
CEMIP2,0.01154923,False,0
CEND1,0.020383546,False,0
CENPP,0.005059166,False,0
CEP126,0.008730156,True,0
CERKL,0.015115431,True,0
CERS3,0.061935034,False,0
CERS5,0.042725988,False,0
CERS6,0.003457747,False,0
CES4A,0.03047771,False,0
CES5A,0.021710211,False,0
CFAP161,0.027986523,False,1
CFAP206,0.034872435,False,0
CFAP299,0.038810343,False,0
CFAP54,0.00916714,False,0
CFAP58,0.0078036846,False,0
CFAP73,0.012697439,False,0
CFL1,0.044346914,False,0
CFL2,0.049542367,False,0
CFLAR,0.041210994,False,0
CHAMP1,0.025546886,True,0
CHD1,0.043203916,False,0
CHD2,0.043056738,False,0
CHD7,0.024324745,False,0
CHGA,0.0039698873,True,0
CHGB,0.0031137015,False,0
CHN1,0.0012231219,False,0
CHRM2,0.0115078185,False,0
CHRM3-AS2,0.060994584,False,0
CHST11,0.022199826,False,0
CHST8,0.013827123,False,0
CHST9,0.010676101,False,0
CHSY3,0.0027120947,False,0
CIITA,0.0055577545,False,0
CKB,0.017282384,False,0
CLCN5,0.0061474163,False,0
CLDN16,0.034851924,False,0
CLDN5,0.02502043,True,0
CLEC2L,0.0017122494,False,0
CLEC7A,0.012847041,False,0
CLECL1,0.046882253,False,0
CLIC4,3.0746465e-05,False,0
CLOCK,0.018339636,False,0
CLPSL1,0.02071235,False,0
CLSTN2,0.021737851,False,0
CLTB,0.0436771,False,0
CLTCL1,0.018028144,False,0
CLU,0.0008110243,True,0
CLVS2,0.022755045,False,0
CMAS,0.06953986,True,0
CMTM7,0.012976443,False,0
CNBD1,0.02327558,False,0
CNDP1,0.020922227,False,0
CNIH2,0.026024867,False,0
CNIH3,0.029396003,False,0
CNKSR3,0.0109212715,True,0
CNOT4,0.004481815,False,0
CNR1,0.031112717,False,0
CNTN3,0.003171799,False,0
CNTN4,0.013722932,False,0
CNTNAP3,0.015049619,False,0
CNTNAP3B,0.024683507,False,0
CNTNAP5,0.01187683,False,0
COL10A1,0.017213423,False,0
COL19A1,0.02382865,False,0
COL23A1,0.0257218,False,0
COL24A1,0.010919416,True,0
COL26A1,0.09243794,False,0
COL4A2,0.049694013,False,0
COL5A1,0.086331375,False,0
COL5A2,0.02596511,False,0
COLEC10,0.00432282,False,0
COLEC11,0.008921024,False,0
COLEC12,1.5480671e-06,False,0
COMMD10,0.043895066,False,0
COPS9,0.009356156,False,0
CPE,0.0016349483,False,0
CPED1,0.0054871766,False,0
CPLX2,0.00096507627,False,0
CPNE2,0.03294628,False,0
CPNE4,0.028469443,False,0
CPNE7,0.020345438,False,0
CPNE8,0.031407718,False,0
CPVL,0.04390883,False,0
CPXM2,0.0073575815,False,0
CRACR2A,0.018370386,False,0
CREB1,0.048106674,False,0
CREB3,0.063157156,True,0
CREBL2,0.041461553,False,0
CREBZF,0.062057506,False,0
CREG2,0.040146135,True,0
CREM,0.055319525,False,0
CRHR2,0.028833482,False,0
CRIM1,0.027786747,False,0
CRISPLD1,0.04984761,True,0
CRLF1,0.049561772,False,0
CRNDE,0.0016080022,True,0
CRX,0.020780118,False,0
CRYBG3,0.020280596,True,1
CRYM,0.0067871213,False,0
CSF1R,0.0027261921,False,0
CSF3,0.05715926,False,0
CSF3R,0.0068138237,False,0
CST3,0.00840768,False,0
CTBP2,0.036590096,False,0
CTCF,0.039980154,False,0
CTCFL,0.00063439115,True,0
CTNNA2,0.00118772,False,1
CTNNB1,0.0396218,True,0
CTXN3,0.017786637,False,0
CUEDC1,0.02703148,False,0
CUX1,0.09405015,True,0
CUX2,0.022708816,True,0
CX3CR1,0.0073068133,False,0
CXCL3,0.0009024652,False,0
CXXC1,0.013301469,False,0
CXXC4,0.028055083,False,0
CXXC5,0.021361833,True,0
CYP1B1,0.012101481,False,0
CYP1B1-AS1,0.014373667,False,0
CYP26B1,0.02904461,False,0
CYSLTR1,0.053206693,False,0
CYTH4,0.0043666526,True,0
CYTIP,0.0016580817,True,0
CYTL1,0.03845962,False,0
DAAM2,0.009164344,False,0
DAB1,0.0668937,False,0
DACH1,0.015692124,False,0
DAPK1,0.002102198,False,1
DAW1,0.038007643,True,0
DCDC1,0.021568276,True,0
DCDC2,0.024493663,False,0
DCDC2C,0.005989101,False,0
DCHS2,0.02838205,False,0
DCLK3,0.011649837,True,0
DCN,3.383172e-05,False,0
DDAH1,0.021962957,False,0
DDIT3,0.073139474,False,0
DDIT4,0.0023107908,False,0
DDT,0.027169395,True,0
DDX20,0.019765992,False,1
DDX24,0.002958776,False,0
DDX3Y,0.0014235473,False,0
DDX43,2.3050827e-05,True,0
DDX60,0.026353199,False,0
DDX60L,0.04219796,False,0
DENND2A,0.042430248,True,0
DENND2C,0.060146924,False,0
DENND3,0.0076516033,True,0
DENND5B-AS1,0.026998578,False,0
DEPDC1B,0.024739077,False,0
DGCR8,0.04455789,False,0
DGKB,0.0018075344,False,0
DGKH,0.049327843,False,0
DHRS3,0.04186757,True,0
DIAPH2,0.009222946,False,0
DIO2,0.0316909,True,0
DIRAS2,0.016556919,False,0
DIRC3,0.03274171,False,0
DIS3,0.016958175,False,0
DISC1,0.0019843641,True,0
DKK1,0.011008083,False,0
DKK2,0.02987775,False,0
DKK3,0.013140401,False,0
DLEU1,0.012877208,False,0
DLEU2,0.024782933,False,0
DLGAP1-AS5,0.04725472,False,0
DLX1,0.037937928,False,0
DLX6-AS1,0.009536212,False,0
DMRT1,0.049276438,False,0
DNAH11,0.008205804,False,0
DNAH14,0.02985755,False,0
DNAH5,0.023498291,True,0
DNAH6,0.0020609235,False,0
DNAJA4,0.005522779,False,0
DNAJC21,0.0117818955,False,0
DNHD1,0.0030629274,False,0
DNM1,0.03498136,True,0
DNMT3A,0.03859219,False,0
DOCK1,0.020339418,False,0
DOCK10,0.015700096,False,0
DOCK11,0.0054968577,False,0
DOCK2,0.013598751,True,0
DOCK4,0.026449483,True,0
DOCK5,0.023455886,True,0
DOCK8,0.004899425,False,0
DOK5,0.0374237,False,0
DOK6,0.041964836,False,0
DPEP1,0.069745615,False,0
DPF1,0.010747794,True,0
DPF2,0.03477969,False,0
DPP10,0.030610945,False,0
DPP4,0.013300519,False,0
DPP6,0.002763753,False,0
DPY19L1,0.020431556,False,0
DPY19L3,0.018279178,False,0
DPYD,0.05771826,False,1
DPYD-AS1,0.0054047876,False,0
DPYS,0.023794489,False,0
DRD2,0.0057356013,False,0
DSCAM,0.032222264,False,1
DSCAML1,0.00800588,True,0
DSE,0.042674154,False,0
DSTN,0.022565054,False,0
DTNA,0.064160965,False,0
DUSP1,0.0005289717,False,0
DUSP16,0.03648108,True,0
DUSP2,0.0009862037,False,0
DUSP22,0.017563146,False,0
DUSP6,0.0016419705,False,0
DYNLL1,0.015489789,True,0
E2F1,0.011141088,False,0
E2F3,0.029053973,True,0
E2F4,0.06039614,False,0
E2F5,0.02182988,False,0
E2F6,0.07082618,False,0
E2F7,0.025466971,False,0
EBF1,0.0006898179,False,0
EBI3,0.030185455,False,0
EDA,0.0033194623,True,0
EDF1,0.086045794,True,0
EDN3,0.035821605,False,0
EDNRA,0.026407296,False,0
EDNRB,3.892194e-05,False,0
EEF1A1,0.00086682884,False,0
EEF1A2,0.014493476,False,0
EEF1B2,0.03329783,True,0
EFCAB2,0.03841084,False,0
EFCAB3,0.031324357,False,0
EFNA5,0.030464876,False,0
EGF,0.0012841283,False,0
EGFR,0.0035625042,False,0
EGLN3,0.011272162,False,0
EGR1,6.7248203e-07,False,0
EGR2,4.202276e-05,False,0
EGR3,3.703347e-05,True,0
EGR4,1.3446713e-06,False,0
EHF,0.0022139212,False,0
EID1,0.014466999,False,0
EIF5,0.012513587,False,1
ELAVL2,0.022728708,False,0
ELAVL4,0.0074090855,False,0
ELF2,0.06877949,False,0
ELF3,0.048470717,False,0
ELF4,0.001793943,True,0
ELFN1,0.0029328705,True,0
ELK1,0.06709037,True,0
ELK3,0.03051145,False,0
ELK4,0.046378456,True,0
ELMO1,0.040878534,False,0
ELOVL5,0.029745629,False,0
ELOVL7,0.03665202,False,0
EMC6,0.002649141,False,0
EML6,0.021487733,True,0
EMX1,0.023079103,True,0
EN2,0.020111842,False,0
ENAH,0.01581416,True,0
ENC1,0.0013569057,False,0
ENO1,0.022113832,False,0
ENO2,0.02040011,False,0
ENOX2,0.08437159,True,0
ENPP1,0.05628207,False,0
ENPP2,0.0011983658,False,0
EOMES,0.018279666,False,0
EP300,0.014735604,False,1
EPAS1,0.0030163643,False,0
EPB41L4A,0.017149715,True,0
EPHA1-AS1,0.061930563,False,0
EPHA5,0.026963247,True,0
EPHA6,0.035535302,False,0
EPHB1,0.009596305,False,0
EPHB2,0.04848055,False,0
EPHB6,0.013555063,False,0
EPHX4,0.018955713,True,0
EPN2,0.08070628,True,0
EPS8,0.013890618,False,0
ERBB3,2.5301126e-06,True,0
ERBB4,0.0073204804,False,0
ERBIN,0.025307376,False,0
ERC2,0.010987004,False,0
ERH,0.029229088,False,0
ERICH3,0.024853593,True,0
ERMN,0.00929084,True,0
ESR2,0.047607508,False,1
ESRP1,0.04141831,True,0
ESRRA,0.04230009,False,0
ESRRG,0.020022694,True,0
ETNPPL,0.07990252,False,0
ETS1,0.011377177,True,0
ETS2,0.01211865,False,0
ETV1,7.915986e-05,False,0
ETV3,0.02192407,False,0
ETV4,0.03513911,False,0
ETV5,0.031781938,False,0
ETV6,0.039022226,False,0
EXPH5,0.03914823,True,0
EXT1,0.01590563,False,0
EYA1,0.00042914014,False,0
EYA2,0.00824471,False,0
EYA4,0.013705505,True,0
EZH2,0.042561997,False,0
EZR,0.0002985838,False,0
F13A1,0.023473166,True,0
F3,1.187413e-09,False,0
FABP3,0.063041024,True,0
FAM107A,0.011260429,False,0
FAM107B,0.011929498,False,0
FAM110B,0.037097197,False,0
FAM126A,0.022470817,True,0
FAM135B,0.023640018,False,0
FAM153A,0.058131017,False,0
FAM153B,0.008741083,False,0
FAM160A1,0.06614333,False,0
FAM162B,0.047321245,False,0
FAM163A,0.0057432665,False,0
FAM177B,0.025624247,False,0
FAM189A1,0.029864155,False,0
FAM189A2,0.018762682,True,1
FAM217B,0.005815561,False,0
FAM241B,0.010997913,False,0
FAM3B,0.05040614,True,0
FAM3C,0.08538071,False,0
FAM53B,0.031932153,False,0
FAM89A,0.003127843,False,0
FANCC,0.02030484,False,0
FANK1,0.042720407,True,0
FAP,0.022276565,False,0
FAR2,0.014011542,False,0
FARP2,0.069922306,False,0
FAT3,0.0068979166,False,0
FAXDC2,0.027769947,False,0
FBLN1,0.00010078068,False,0
FBLN7,0.027870411,False,0
FBN2,0.0070244097,False,0
FBXL18,0.04012262,True,0
FBXL7,0.0030203622,False,0
FBXO2,0.03189045,False,0
FBXO27,0.040722392,False,0
FBXO33,0.0010341608,False,0
FCGBP,0.013025981,False,0
FCGR1B,0.0235974,False,0
FCGR2A,0.007611681,True,0
FCGRT,0.042745635,False,0
FCRL6,0.0039451146,True,0
FENDRR,0.008700993,True,0
FERD3L,0.010458966,False,0
FERMT2,0.03888236,False,0
FEZ1,0.042401668,False,0
FGD2,0.006069791,False,0
FGD4,0.02476072,False,0
FGF12-AS1,0.0023194542,False,0
FGF13,0.005779723,False,0
FGF2,0.012763453,False,0
FGFR3,0.0024437667,False,0
FGGY,0.01783648,False,0
FHAD1,0.031509228,False,0
FHL2,0.02275464,False,0
FHOD3,0.0078261895,True,0
FIG4,0.033247277,False,0
FIGN,0.008898708,False,0
FILIP1L,0.021473872,False,0
FIRRE,0.010946354,False,0
FIZ1,0.02634247,False,0
FKBP1A,0.016591761,False,0
FKBP4,0.06065492,False,0
FKBP5,0.00019746178,False,0
FLI1,0.006578045,True,0
FLRT2,0.0037093088,False,0
FLRT3,0.100155614,True,0
FLT3,0.003498674,False,0
FLVCR2,5.0433042e-05,True,0
FMN1,0.0039105364,False,0
FMNL3,0.03836966,False,0
FNDC3B,0.017063783,False,0
FNDC5,0.0814714,False,0
FOLH1,0.007390148,True,0
FOS,0.0072654737,False,0
FOSB,0.00028754462,False,0
FOSL1,0.02632764,False,0
FOSL2,0.007676524,False,0
FOXC2,8.6082786e-05,False,0
FOXE3,0.013775825,False,0
FOXF1,0.0072105597,False,0
FOXF2,0.021642674,True,0
FOXG1,0.034436133,True,0
FOXJ2,0.02824445,False,0
FOXJ3,0.013079092,False,0
FOXK1,0.03070799,False,0
FOXN2,0.020892214,True,0
FOXN3,0.03357791,False,0
FOXO1,0.04408982,False,1
FOXO3,0.012051854,False,0
FOXP1,0.0007670366,True,0
FOXP2,0.013764996,False,0
FRAS1,0.028042175,False,0
FREM3,0.021008862,False,0
FRMD4B,0.0018450508,False,0
FRMD5,0.009089198,True,0
FRMD6,0.033682737,True,0
FRMD6-AS2,0.0028762831,False,0
FRMPD4,0.00128798,False,0
FSTL1,0.0025003643,True,0
FSTL4,0.020306898,False,0
FUT8,0.040778853,False,0
FXYD6,0.0076719206,False,0
FYB2,0.040959038,False,0
GAB2,0.034599673,True,0
GAB3,0.005761385,True,0
GABPB1,0.046714954,True,0
GABRA1,0.002049169,True,0
GABRA3,0.030690864,True,0
GABRA5,0.030765118,True,0
GABRA6,0.030432442,False,0
GABRG3,0.012722096,False,0
GAD2,0.0069411416,False,0
GADD45B,0.064127125,False,0
GADD45G,0.09321771,False,0
GAL3ST4,0.023698414,False,0
GALNT10,0.049369358,False,0
GALNT13,0.008698969,False,0
GALNT14,0.013694771,False,0
GALNT18,0.0066896533,True,0
GALNT3,0.09443047,False,0
GALNT7,0.011894767,False,0
GALNTL5,0.028532572,True,0
GALNTL6,0.03379073,False,0
GAP43,0.0018860005,False,0
GAREM1,0.03050118,False,0
GAS2,0.006771396,False,0
GATA4,0.0014688623,True,0
GATAD2A,0.018934824,False,0
GBX1,0.041092217,True,0
GCNT1,0.019243095,False,0
GCNT2,0.0027052797,False,0
GCNT4,0.003934819,False,0
GDPD4,0.0023815834,False,0
GFRA1,0.0073976344,True,0
GFRA2,0.040904358,False,0
GGCT,0.026293458,False,0
GIMAP4,0.013073245,False,0
GIMAP8,0.01739013,True,0
GIPR,0.02303059,False,0
GJA1,0.014882981,False,0
GJB1,0.04443389,False,0
GJB6,0.001605453,False,0
GLCE,0.032959905,True,0
GLI2,0.0068344204,False,0
GLI3,0.00022851759,False,0
GLIPR1,4.149266e-05,False,0
GLIS1,0.029435255,False,0
GLIS3,0.008131152,False,0
GLP2R,0.019657051,False,0
GLRA2,0.0057596406,False,0
GLRA3,0.020970788,False,0
GLT6D1,0.00046062015,False,0
GLUL,0.0021770182,False,0
GMDS,0.046041362,False,0
GML,0.012185911,False,0
GNAL,0.00625307,False,0
GNAS,0.007552179,False,0
GNB4,0.0013811475,False,0
GNG12,0.0520042,True,0
GNG12-AS1,0.0311735,True,0
GNG2,0.022709005,False,0
GNG3,0.010361721,False,0
GOLGA8B,0.048616342,False,0
GOLIM4,0.014721917,False,0
GOT1,0.020267084,False,0
GPAT3,0.009226192,False,0
GPBP1L1,0.041584816,False,0
GPC6,0.025588287,False,0
GPR1,0.0140013555,True,0
GPR149,0.029254563,False,0
GPR156,0.042828538,False,0
GPR176,0.035911165,False,0
GPR182,0.0007624341,False,0
GPR22,0.018085988,True,0
GPR26,0.02604783,False,0
GPR37,0.009437574,False,0
GPR63,0.020972814,False,0
GPRC5B,0.00025177686,False,0
GPSM2,0.051503163,False,0
GRAMD1C,0.027420918,False,0
GRB14,0.011545044,False,0
GREB1L,0.00034642033,False,0
GREM2,0.02638839,True,0
GRHL1,0.013232742,False,0
GRHL2,0.00033454673,False,0
GRIA3,0.019393813,False,0
GRIA4,0.03538756,True,0
GRID2,0.027876614,True,0
GRIK2,0.032016076,False,0
GRIK3,0.021430956,False,0
GRIK4,0.008947653,False,0
GRIN2B,0.040731575,False,1
GRIN2C,0.027605036,False,0
GRIN3A,0.010345157,False,0
GRIP1,0.0057490477,False,0
GRM1,0.008848735,False,0
GRM3,0.025126059,False,0
GRM4,0.013147943,True,0
GRM8,0.006262491,False,0
GSE1,0.04943078,False,0
GSG1L,0.091814384,False,0
GSN,0.0066899545,True,0
GSN-AS1,0.006867673,True,0
GSTCD,0.036017094,False,0
GTF2A1,0.036196884,False,0
GTF2A2,0.0068720942,True,0
GTF2I,0.0024202517,False,0
GTF3A,0.023946103,False,0
GTSF1,0.003155236,False,0
GUCY1A2,0.04152128,False,0
GULP1,0.028901512,True,0
GYG2,0.0042867265,True,0
GZF1,0.010817174,False,0
H1FX,0.04329729,True,0
H2AFZ,0.01964739,False,0
H3F3A,0.02208589,True,0
H3F3B,0.047612794,True,0
HAMP,0.02830454,False,0
HAPLN4,0.0077362885,False,0
HAVCR1,0.06911915,False,0
HBP1,0.044062342,False,0
HCK,0.0016446012,False,0
HCLS1,0.0082063,False,0
HDAC1,0.0035864967,False,0
HDAC2,0.05009411,False,0
HDAC3,0.0072087026,False,0
HDAC9,0.02937404,False,0
HECTD2,0.036123585,False,0
HEG1,0.04722644,False,0
HEPACAM,0.025924152,False,0
HES1,0.017759781,True,0
HES4,0.080567546,False,0
HES6,0.017431522,False,0
HEY1,0.0059593846,False,0
HFM1,0.042961903,False,0
HHAT,0.009195822,True,0
HHEX,0.041476775,False,0
HHLA1,0.017317444,False,0
HHLA2,0.011669674,False,0
HIC2,0.02585083,False,0
HIF3A,0.008685826,False,0
HINFP,0.0468921,False,0
HIPK2,0.020052651,False,0
HIST2H2BE,0.015531876,False,0
HIVEP1,0.03968706,True,0
HIVEP2,0.0057804794,False,0
HIVEP3,0.052114535,False,0
HLA-B,0.054886363,False,0
HLA-DRA,0.057511963,False,0
HLCS,0.044689134,False,0
HLF,0.008404346,False,0
HLTF,0.02655156,False,0
HMBOX1,0.030529588,False,0
HMG20A,0.007757383,True,0
HMGA1,0.02274933,False,0
HMGB2,0.023755202,False,0
HMGCR,0.03598309,False,1
HMGXB3,0.055826157,False,0
HMGXB4,0.023199573,True,0
HMOX1,0.017709736,False,0
HNRNPA0,0.028291205,False,0
HNRNPH3,0.03884365,False,0
HNRNPLL,0.013873971,True,0
HOMER1,0.0014263659,False,0
HOMER3,0.01636699,False,0
HOPX,0.009239366,False,0
HORMAD2,0.019270042,False,0
HOXA10,7.1842883e-06,False,0
HOXA13,1.3818211e-05,False,0
HOXA3,8.459723e-05,True,0
HOXB3,0.00033198463,False,0
HOXC4,5.3107986e-05,False,0
HOXC8,1.657218e-05,False,0
HOXC9,1.6283018e-05,True,0
HOXD10,0.008907704,False,0
HOXD3,0.00042922032,True,0
HP1BP3,0.044972252,False,0
HPCA,0.015124065,False,1
HPCAL1,0.018402604,False,0
HPCAL4,0.017213406,False,0
HPGDS,0.010154626,False,0
HPSE,0.014008236,False,0
HPSE2,0.01036938,True,0
HPYR1,0.03234075,True,0
HRH1,0.0211354,False,0
HRK,0.059826095,False,0
HS3ST1,0.0062096408,False,0
HS3ST2,0.003414195,True,0
HS3ST4,0.008976669,False,0
HS3ST5,0.0048319916,False,0
HS6ST3,0.00065482885,False,0
HSF2,0.040016383,False,0
HSPA1B,0.0001698332,False,0
HSPA1L,0.014269715,False,0
HSPA2,0.00021727079,False,0
HSPA4L,0.0137837315,False,0
HSPA5,0.00040497264,True,0
HSPA8,0.016064202,True,0
HSPB3,0.0026759272,False,0
HSPG2,0.04161314,True,0
HSPH1,0.005639745,False,0
HTR1E,0.0064106397,False,0
HTR2A,0.021742603,False,0
HTR2C,0.005243264,False,0
HTR4,0.02397162,False,0
HTRA1,0.023603251,False,0
HUNK,0.025737114,True,0
ID2,0.044850122,False,0
ID3,6.19735e-05,False,0
IFI16,0.010797486,False,0
IFI44L,0.030804265,False,0
IFITM3,0.009729514,True,0
IFNG-AS1,0.043624904,True,0
IGFBP2,0.015304911,False,0
IGFBP5,0.00013827372,False,0
IGFBP7,0.0007192395,False,0
IGSF11,0.038230576,False,0
IGSF21,0.026168907,False,0
IGSF22,0.033328712,True,0
IKBIP,0.026031595,True,1
IKZF1,0.0005534625,False,0
IKZF2,0.0134559255,True,0
IL12A-AS1,0.06269866,False,0
IL12RB2,0.03623263,False,0
IL13RA1,0.015436098,True,0
IL17RA,0.009133705,False,0
IL1B,0.016931826,False,0
IL1RAP,0.028976228,False,0
IL1RAPL2,0.009772122,False,0
IL1RL2,0.012977769,True,0
IL27,0.021499297,False,0
IL4R,0.13241997,False,0
ILDR2,0.034125566,True,0
IMPA2,0.022083657,False,0
INA,0.028109413,False,0
INHBA-AS1,0.026835829,False,0
INPP4B,0.0007576882,False,0
INPP5D,0.005047272,False,0
INSM1,0.0005910537,False,0
INTS6,0.039824624,False,0
IQCE,0.043448605,False,0
IQCH,0.03762599,False,0
IQCH-AS1,0.017575,False,0
IQCJ-SCHIP1,0.0110401595,False,0
IQGAP2,0.008570838,True,0
IRAK3,0.031923514,True,0
IRF1,0.010754738,True,0
IRF2,0.037085924,False,0
IRF4,0.00604979,False,0
IRF7,0.031166386,False,0
IRF8,0.01739418,False,0
IRF9,0.016317748,False,0
IRS2,0.02976693,False,0
IRX5,0.005855476,False,0
ISLR2,0.038956035,False,0
ITCH,0.036331803,False,0
ITGA2,0.018915603,False,0
ITGA4,0.007935798,False,0
ITGA9,0.017088385,False,0
ITGAL,0.036884055,False,0
ITGAM,0.02869441,False,0
ITGAX,0.004795782,False,0
ITGB2,0.005063303,False,0
ITGB5,0.018977601,False,0
ITPKA,0.029940596,True,0
ITPKB,0.02492552,False,0
ITPR2,0.017044911,False,0
ITPRID1,0.018432124,True,0
JADE3,0.007739089,False,0
JARID2,0.037303384,True,0
JAZF1,0.039979167,False,0
JAZF1-AS1,0.022488551,False,0
JCAD,0.022769902,True,0
JDP2,0.023658335,False,0
JPH1,0.01752832,False,0
JPT1,0.060575366,False,0
JRK,0.027665466,False,0
JUN,0.022414649,False,0
JUNB,0.004150595,False,0
JUND,0.100055315,False,0
KANK1,0.025272924,False,0
KANK4,0.04814454,True,0
KAT2B,0.043052927,False,0
KAT7,0.020973207,False,0
KAZN,0.015257296,True,0
KCNA1,0.014067833,False,0
KCNA2,0.0024671897,False,0
KCNB2,0.007231322,False,0
KCNC2,0.0075829523,False,0
KCND2,0.027706068,True,0
KCND3,0.007174511,False,0
KCNG1,0.040096395,True,0
KCNG3,0.052007604,False,0
KCNH1,0.0028529775,False,0
KCNH4,0.14174545,False,0
KCNH5,0.033345368,False,0
KCNH7,0.009127129,False,0
KCNH8,0.03997607,False,0
KCNIP1,0.0040840725,True,0
KCNIP2,0.044543482,False,0
KCNJ16,0.0055775046,False,0
KCNJ6,0.013653181,False,0
KCNK1,0.019071558,True,0
KCNK10,0.028797697,True,0
KCNK13,0.004894919,False,0
KCNMA1-AS1,0.003975352,False,0
KCNMB4,0.036516048,True,0
KCNN2,0.010779421,False,0
KCNN3,0.047833655,True,0
KCNQ1OT1,0.03499011,False,0
KCNQ3,0.004229928,False,0
KCNS3,0.052090682,False,0
KCNT2,0.0033413568,False,0
KCTD1,0.0025520823,False,0
KCTD12,0.004440413,False,0
KCTD16,0.009250097,False,0
KCTD8,0.012383714,False,0
KDM2A,0.042830873,False,0
KDM4A,0.018569123,False,0
KDM4B,0.017596962,True,0
KDM4C,0.047332015,True,0
KIAA1217,0.003956595,False,0
KIAA1958,0.0073311683,False,0
KIAA2012,0.041661374,False,0
KIF13B,0.029320909,False,0
KIF24,0.02491571,False,1
KISS1,0.0032243629,True,0
KIT,0.018540727,False,0
KITLG,0.017432623,False,0
KLC1,0.012641039,False,0
KLF10,0.07224514,False,0
KLF12,0.013459333,True,1
KLF13,0.042240035,False,0
KLF15,0.045653272,False,0
KLF16,0.05710523,False,0
KLF2,0.015537935,False,0
KLF3,0.0403524,True,0
KLF3-AS1,0.042840973,False,0
KLF4,0.011868205,False,0
KLF9,0.01740226,False,0
KLHDC8A,0.017589904,False,0
KLHL1,0.04033933,False,0
KLHL14,0.023146447,False,0
KLHL32,0.01733845,False,0
KLHL5,0.026115438,False,0
KLK6,0.022933811,True,0
KLRG1,0.011529905,False,0
KMT2A,0.011944119,False,0
KRAS,0.031366717,True,0
KRT17,0.00958113,False,0
KRT222,0.014341345,False,0
L3MBTL3,0.019594528,False,0
LAMB1,0.018280676,True,0
LAMC1,0.039657235,True,0
LAMC2,0.047456592,True,0
LAMP3,0.012800506,False,0
LAMTOR5,0.0076470505,False,0
LAPTM5,0.019216381,True,0
LARGE-AS1,0.020945849,True,0
LARGE1,0.026646055,False,0
LCOR,0.033075836,False,0
LCORL,0.08210336,False,0
LCP1,0.012121038,True,0
LCP2,0.01916525,False,0
LEKR1,0.017947594,False,0
LEPR,0.033439472,False,0
LFNG,0.01698125,False,0
LGALS1,0.08711462,False,0
LGR5,0.006407199,False,0
LGR6,0.022019845,True,0
LHFPL2,0.021073008,False,0
LHFPL3,0.008056011,False,0
LHX2,0.029180195,False,0
LHX6,0.00063498394,False,0
LIFR,0.036934007,False,0
LILRB1,0.0040380736,False,0
LILRB4,0.025714945,False,0
LIMA1,0.036065407,True,0
LIMD1,0.006792543,False,0
LIMK2,0.03670248,False,0
LIMS1,0.018612506,False,0
LIN28B,0.028722038,True,0
LIN28B-AS1,0.018350216,False,0
LINC00159,0.09023607,False,0
LINC00276,0.023581503,True,0
LINC00290,0.028408185,False,0
LINC00299,0.0033356003,False,0
LINC00313,0.03768041,False,0
LINC00326,0.06114525,True,0
LINC00343,0.022397004,False,0
LINC00390,0.030221324,False,0
LINC00440,0.045124877,False,0
LINC00457,0.014612374,False,0
LINC00463,0.0009159776,False,0
LINC00470,0.053308554,True,0
LINC00472,0.023561133,False,0
LINC00499,0.0129936235,False,0
LINC00507,0.020100752,False,0
LINC00508,0.022879532,False,0
LINC00511,0.025292598,False,0
LINC00513,0.08322602,False,0
LINC00534,0.00017368817,True,0
LINC00535,0.035500497,True,0
LINC00536,0.025224244,False,0
LINC00551,0.038399458,False,0
LINC00578,0.043277096,False,0
LINC00581,0.0011118377,False,0
LINC00620,0.037186168,False,0
LINC00683,0.00012652825,True,0
LINC00710,0.06695413,False,0
LINC00886,0.056830153,False,0
LINC00894,0.035175405,True,0
LINC00922,0.019435028,False,0
LINC00923,0.04365133,True,0
LINC00927,0.0054616444,False,0
LINC00937,0.067314275,False,0
LINC00943,0.002391261,True,0
LINC00970,0.031478588,True,0
LINC01006,0.040026907,False,0
LINC01007,0.015746292,True,0
LINC01010,0.0029765123,False,0
LINC01033,0.040386464,False,0
LINC01090,0.034797367,True,0
LINC01115,0.0064480444,True,0
LINC01117,0.07248768,False,0
LINC01122,0.002702956,True,0
LINC01135,0.002996281,False,0
LINC01151,0.03445921,False,0
LINC01164,0.021717759,False,0
LINC01166,0.0015401607,False,0
LINC01197,0.04093687,True,0
LINC01202,0.028323848,False,0
LINC01203,0.012336088,False,0
LINC01205,0.008094985,False,0
LINC01208,0.029159144,False,0
LINC01226,0.009303914,False,0
LINC01234,0.002202301,False,0
LINC01250,0.006044424,True,0
LINC01257,0.0017943453,False,0
LINC01268,0.009332099,True,0
LINC01277,0.009977251,True,0
LINC01331,0.020425808,False,0
LINC01344,0.031592675,False,0
LINC01360,0.031031283,False,0
LINC01378,0.014187811,False,0
LINC01412,0.0018928761,False,0
LINC01435,0.036145877,True,0
LINC01440,0.011123565,False,0
LINC01476,0.025922175,False,0
LINC01478,0.04881368,False,0
LINC01484,0.02973152,False,0
LINC01500,0.027194273,False,0
LINC01501,0.021929828,False,0
LINC01508,0.0024646418,False,0
LINC01524,0.029608617,False,0
LINC01545,0.013744809,False,0
LINC01550,0.049061924,False,0
LINC01551,0.03923313,False,0
LINC01568,0.0013257546,False,0
LINC01591,0.04285872,False,0
LINC01605,0.07849711,False,0
LINC01606,0.00089290173,False,0
LINC01622,0.03596312,False,0
LINC01640,0.016636183,True,0
LINC01708,0.03289084,False,0
LINC01721,0.037855987,False,0
LINC01776,0.014329527,False,0
LINC01793,0.022284148,True,0
LINC01821,0.029739346,False,0
LINC01829,0.02209501,True,0
LINC01844,0.013110605,True,0
LINC01915,0.017377373,False,0
LINC01917,0.01605724,False,0
LINC01923,0.03121919,False,0
LINC01934,0.00065523275,False,0
LINC01950,0.023196919,False,0
LINC01951,0.021918036,True,0
LINC01954,0.04989379,False,0
LINC02133,0.102631636,False,0
LINC02153,0.12885822,False,0
LINC02192,0.030868685,False,0
LINC02217,0.021841869,True,0
LINC02218,0.007250027,False,0
LINC02223,0.027421845,False,0
LINC02254,0.022376345,False,0
LINC02338,0.019487282,False,0
LINC02346,0.03354281,False,0
LINC02347,0.023891777,True,0
LINC02359,0.03615218,False,0
LINC02388,0.016801598,True,0
LINC02389,0.026145224,False,0
LINC02424,0.02325502,False,0
LINC02458,0.021012448,True,0
LINC02525,0.005949112,False,0
LINC02552,0.037258197,True,0
LINC02613,0.032787528,True,0
LINC02614,0.03706041,False,0
LINGO2,0.0048929085,True,0
LIPA,0.03234505,False,0
LIPG,0.0021953376,False,0
LITAF,0.06168185,False,0
LMCD1,0.010344688,False,0
LMO2,0.0062739085,False,0
LMO4,0.0069708847,True,0
LMO7,0.012702892,False,0
LNX1-AS1,0.019781437,False,0
LONRF3,0.02188281,False,0
LOXHD1,0.0115664825,False,0
LPAR1,0.015758345,False,0
LPAR5,0.0062670005,False,0
LPGAT1,0.01702395,False,0
LPL,0.0005767635,True,0
LRGUK,0.028615661,True,0
LRIG1,0.029354196,False,0
LRP1B,0.03779271,True,0
LRP4,0.0026166814,False,0
LRP5,0.030083677,False,1
LRRC2,0.038590584,False,0
LRRC25,0.09853871,True,0
LRRC3B,0.03489192,False,0
LRRC4C,0.0071473215,False,0
LRRC8B,0.040258665,False,0
LRRC8C,0.043197136,False,0
LRRFIP1,0.05612689,False,0
LRRK1,0.041522115,False,0
LRRK2,0.039341528,False,0
LRRN1,0.04482091,False,0
LRRTM4,0.027321199,True,0
LRTM1,0.03864217,True,0
LSM4,0.017873507,False,0
LSM6,0.030375525,False,0
LST1,0.0049939966,False,0
LTBP1,0.0084432755,False,0
LUZP1,0.049242523,False,0
LUZP2,0.0203886,False,0
LY6E,0.032071754,False,0
LY6H,0.024527969,False,0
LY75,0.027548533,False,0
LY86,0.0015979474,True,0
LY86-AS1,0.0058550127,False,0
LY96,0.00546453,True,0
LYL1,0.04894469,False,0
LYN,0.0035479649,True,0
LYNX1,0.016583564,True,0
LYPD1,0.009676209,True,0
LYPD6,0.024783693,False,0
LYPD6B,0.009070702,True,0
LYSMD2,0.018527618,False,0
LZTS1,0.023307867,False,0
MAD2L1BP,0.011856154,False,0
MAF,0.0064701997,False,0
MAFA,0.038262665,False,0
MAFF,0.00057059026,False,0
MAFG,0.0148754455,False,0
MAFK,0.004473839,False,0
MAG,0.012665213,False,0
MAGEF1,0.024201594,False,0
MAMDC2-AS1,0.0069655105,False,0
MAML3,0.052671775,False,0
MAN1A1,0.0076186676,False,0
MAP1B,0.0141921,False,0
MAP1LC3B,0.012588528,False,0
MAP3K1,0.03032201,False,0
MAP3K5,0.019626971,True,0
MAP9,0.09069682,True,0
MAPK1,0.013362168,False,0
MAPK4,0.008141044,False,0
MARCH1,0.042102534,False,0
MARCH11,0.026769266,False,0
MARCH3,0.010901653,False,0
MARCH4,0.039364543,False,0
MARCKS,0.014731958,True,0
MARCKSL1,0.04165213,False,0
MAST4,0.035096653,False,0
MATN2,0.030107744,False,0
MAZ,0.002099585,False,0
MB21D2,0.04879588,False,0
MBD1,0.048377015,False,0
MBD2,0.025227953,False,0
MBNL2,0.012172079,False,0
MBOAT1,0.00428246,False,0
MBOAT2,0.032035183,True,0
MBP,0.030415704,False,0
MCHR2,0.02088836,False,0
MCHR2-AS1,0.028630303,False,0
MCM10,0.003209941,False,0
MCTP1,0.025643604,False,0
MCTP2,0.00035795278,False,0
MDGA1,0.012812623,False,0
MDH1,0.015454895,True,0
MDM2,0.045017518,False,0
ME1,0.045844607,False,0
MECOM,0.0005833827,False,0
MED10,0.021586943,False,0
MED11,0.02329309,False,0
MED12L,0.0015337411,False,0
MED19,0.018676467,False,0
MED30,0.04769386,True,0
MEF2A,0.041851174,False,0
MEF2C,0.0027382309,False,0
MEF2C-AS1,0.032860722,False,0
MEF2D,0.03433257,False,0
MEG3,0.024201466,False,0
MEG8,0.0070891744,True,0
MEGF11,0.00010658019,False,0
MEIS1,0.054335013,False,0
MEIS2,0.0047478396,False,0
MEIS3,0.019546336,False,0
MEOX1,0.031760983,False,0
MET,0.0037137698,False,0
METRNL,0.009623995,False,0
METTL24,0.042678345,True,0
METTL26,0.013864183,False,0
MEX3C,0.013758565,False,0
MFAP3L,0.018184945,True,0
MGA,0.043947168,True,0
MID1,0.008094618,False,0
MIOS,0.017247165,False,0
MIR137HG,0.03243254,False,0
MIR2052HG,0.018917914,False,0
MIR31HG,0.0087415455,False,0
MIR3976HG,0.032615747,True,0
MIR4500HG,0.027737027,False,0
MIR503HG,0.00013192029,True,0
MIR646HG,0.034347713,False,0
MITF,0.00085710525,False,0
MIXL1,0.03134726,True,0
MKX,0.0033492455,True,0
MLIP,0.026238935,True,0
MLLT10,0.0086774705,True,0
MLLT11,0.06288762,False,0
MLXIPL,0.0795393,False,0
MMD,0.077589706,False,0
MME,0.0491602,False,0
MMRN1,0.0013453094,False,0
MN1,0.0062071225,False,0
MND1,0.022721723,False,0
MNDA,0.0049244543,False,0
MNT,0.01789399,False,0
MOAP1,0.0387297,False,0
MOB3B,0.04722001,False,0
MOBP,0.002543118,False,0
MOGAT3,0.017574817,False,0
MORN1,0.0071389615,False,0
MPDZ,0.043223888,False,0
MPP6,0.040212132,True,0
MPP7,0.024887811,False,0
MPPED2,0.03372748,False,0
MRC1,0.0008895471,True,0
MRC2,0.05593826,False,0
MREG,0.012227513,True,0
MRFAP1,0.012981086,False,0
MS4A6A,0.0026637474,False,0
MS4A6E,0.027126184,False,0
MS4A7,0.008987951,False,0
MSC-AS1,0.0012986839,False,0
MSGN1,0.00158337,False,0
MSI1,0.009596736,True,0
MSI2,0.031470895,True,0
MSR1,0.007255582,False,0
MSX1,0.006566974,False,0
MT2A,0.023260567,False,0
MT3,0.022651657,False,0
MTA3,0.008441327,False,0
MTF2,0.038866926,True,0
MTHFD1,0.06325053,True,0
MTNR1A,0.07357272,False,0
MTSS1,0.032626063,False,0
MTUS1,0.0068122563,False,0
MUC6,0.06411063,True,0
MXD1,0.015461984,False,0
MXI1,0.03909366,False,0
MYB,0.014427104,False,0
MYCN,0.053819235,False,0
MYEF2,0.037566356,False,0
MYH15,0.022600964,False,0
MYH9,0.04685607,False,0
MYLK4,0.040821273,False,0
MYO10,0.00027360322,False,0
MYO16,0.014466217,True,0
MYO1B,0.03478249,True,0
MYO1E,0.004114704,False,0
MYO1F,0.002475677,True,0
MYO5B,0.038036793,False,0
MYOD1,0.002287738,False,0
MYOF,0.005985812,False,0
MYOM2,0.019172097,False,0
MYPOP,0.0053255353,False,0
MYRIP,0.015466259,False,0
MYT1,0.0144030275,False,0
NAGPA,0.017582847,True,0
NAP1L1,0.0022882288,False,0
NARS,0.025000507,False,0
NAV2,0.035030354,False,0
NBL1,0.026029177,False,0
NCALD,0.0039217654,False,0
NCAM2,0.04267617,False,0
NCDN,0.00837299,False,0
NCF1,0.017256623,False,0
NCF4,0.009617751,False,0
NCKAP1L,0.032855935,False,0
NCKAP5,0.07478004,False,1
NCOA1,0.0075044916,True,0
NCOA2,0.03269795,False,0
NCOA3,0.057694983,True,0
NCOR1,0.023186814,False,0
NDNF,0.022255508,False,0
NDRG2,0.0048238193,False,0
NDST3,0.015589494,True,0
NEAT1,0.009828399,False,0
NEBL,0.0005345056,True,0
NECAB1,0.04862773,False,0
NECTIN3,0.013516995,False,0
NECTIN3-AS1,0.05170843,False,0
NEFL,0.053830966,False,0
NEFM,0.034741465,False,0
NEK11,0.0017794489,False,0
NEK7,0.044831302,False,0
NELFA,0.064151965,False,0
NELL1,0.034920447,False,0
NETO1,0.021908868,False,0
NETO2,0.026280826,False,0
NEUROD1,0.015665706,False,0
NEUROD2,0.008957337,False,0
NEUROD6,0.03531913,False,0
NEUROG2,0.012710855,False,0
NEUROG3,0.00066316966,False,0
NEXN,0.034158994,False,0
NF1,0.024142534,False,0
NFAT5,0.041261066,True,0
NFATC1,0.024295757,True,0
NFATC2,0.0056026992,False,0
NFATC3,0.030787501,False,0
NFATC4,6.114766e-06,False,0
NFE2,0.039829995,False,0
NFE2L1,0.019814782,False,0
NFE2L2,0.04581545,True,0
NFE2L3,0.080437526,False,0
NFIA,0.028934842,False,0
NFIB,0.036048084,False,0
NFIC,0.016672434,False,0
NFIL3,0.0023746002,False,0
NFIX,0.021400867,False,0
NFKB1,0.04489826,False,0
NFKB2,0.023709124,False,0
NFX1,0.040750008,False,0
NFXL1,0.0058415476,False,0
NFYA,0.005860072,False,0
NFYB,0.055314302,False,0
NFYC,0.028760508,False,0
NGB,0.01536791,False,0
NGFR,0.0080675995,True,0
NHLH2,0.0009254052,False,0
NHS,0.007911871,False,1
NHSL1,0.009065402,False,0
NHSL2,0.02272358,True,1
NIN,0.02745349,False,0
NINJ2,0.03093108,False,0
NIPAL1,0.028156329,False,0
NIPAL2,0.026416259,False,0
NKAIN3,0.03720245,True,0
NKD1,0.01577843,False,0
NKX1-2,0.0074648117,False,0
NKX2-2,0.06399532,False,0
NKX6-2,0.0067265313,False,0
NLGN4Y,0.038464013,False,0
NLK,0.043561064,True,0
NMD3,0.048091326,False,0
NNAT,0.050491117,False,0
NNMT,0.020336604,False,0
NOC2L,0.011797327,False,0
NONO,0.009258596,True,0
NORAD,0.011945982,False,0
NOS1AP,0.018495562,False,0
NOX5,0.021417463,False,0
NPAS2,0.016526945,False,0
NPAS3,0.031272847,False,0
NPAS4,1.0683358e-05,True,0
NPDC1,0.010873658,False,0
NPFFR1,0.012440857,False,0
NPHP3-AS1,0.024691228,False,0
NPHS1,0.020142986,False,0
NPTX1,0.020413235,False,0
NPTX2,0.0023581504,False,0
NPTXR,0.024541972,False,0
NPY1R,0.021563375,False,0
NR1D1,0.026896186,False,0
NR1D2,0.014690218,False,0
NR2C1,0.041760515,False,0
NR2C2,0.040975224,False,0
NR2E1,0.022250777,False,0
NR2F1,0.01627159,False,0
NR2F2,0.04955459,False,0
NR2F2-AS1,9.462219e-05,False,0
NR2F6,0.034861926,True,0
NR3C1,0.018006139,False,0
NR3C2,0.046987183,False,0
NR4A1,9.290228e-07,True,0
NR4A2,0.00037154194,False,0
NR4A3,7.476063e-06,False,0
NR5A2,0.043604933,False,0
NR6A1,0.02974937,False,0
NREP,0.03381782,False,0
NRF1,0.016655322,True,0
NRG1,0.014795699,False,0
NRG4,0.034238018,False,0
NRGN,0.0112100635,True,0
NRL,0.036382,True,0
NRN1,0.029387143,False,0
NRP1,0.012114952,False,0
NRSN1,0.022010382,False,0
NSG2,0.010530373,False,0
NTF3,0.0034623672,False,0
NTM,0.03777154,False,0
NTN4,0.0025143633,False,0
NTNG1,0.046641376,False,0
NTNG2,0.029481754,False,0
NTRK2,0.012141422,True,0
NTRK3,0.007678428,False,0
NUAK1,0.010634204,False,0
NUDC,0.050097372,True,0
NWD2,0.014721335,True,0
NXN,0.05456383,False,0
NXNL2,0.0289385,False,0
NXPH1,0.032841545,True,0
NXPH2,0.012761699,False,0
NXPH3,0.011542895,False,0
NXPH4,0.0030482404,False,0
NYAP2,0.0059534865,False,0
OAF,0.0025404587,False,0
OAZ1,0.015270699,False,0
OCA2,0.024465015,True,0
ODF3B,0.00074426364,False,0
OLFM1,0.0014677047,False,0
OLFM2,0.036683805,False,0
OLFM3,0.002558273,False,0
OLFML2B,0.023032717,True,0
OLIG1,0.030323887,False,0
OLIG2,0.006345163,False,0
ONECUT1,0.0017974303,False,0
ONECUT2,0.035027143,False,0
ONECUT3,0.0010754894,False,0
OPRK1,0.004449402,False,0
OPRM1,0.02412742,True,0
OPTN,0.013354446,False,0
OR3A2,0.027559994,False,0
OR9Q1,0.016214795,False,0
OSBPL10,0.026711527,False,0
OSBPL3,0.032958698,True,0
OSMR,0.028035723,True,0
OSR1,0.0794623,False,0
OTOF,0.03193821,False,0
OTOGL,0.020702636,False,0
OTP,0.001035577,False,0
OTUD4,0.041866943,True,0
OTX1,0.008429797,False,0
OTX2,0.019070746,False,0
OVOL2,0.02710328,True,0
P2RY12,0.004583705,False,0
P2RY6,0.03616681,False,0
P3H2-AS1,0.02550041,False,0
PACRG,0.022965811,False,0
PADI2,0.0038553195,True,0
PAK1,0.0016614444,False,0
PALD1,0.0005885847,False,0
PALLD,0.015412949,True,0
PAM,0.043777153,False,0
PAMR1,0.04524783,False,0
PAPSS2,0.012293806,False,0
PARD3,0.01027911,False,0
PARM1,0.023347475,False,0
PARP14,0.007735154,False,0
PARP9,0.003781252,False,0
PART1,0.022462279,False,0
PATZ1,0.030665161,True,0
PAWR,0.0029783582,False,0
PAX3,0.04339061,False,0
PAX6,0.014975012,False,0
PAX7,0.017112702,False,0
PBX1,0.062311977,False,0
PBX2,0.009528509,False,0
PBX3,0.023128392,False,0
PCAT1,0.004538309,False,0
PCAT7,0.016164139,False,0
PCDH11Y,0.042438094,False,0
PCDH17,0.03798005,True,0
PCDH7,0.019101929,False,0
PCDH8,0.009206681,True,0
PCED1B,0.035648443,False,0
PCMT1,0.026449515,False,0
PCSK1,0.0029098112,False,0
PCTP,0.012722032,False,0
PDCD11,0.0037757093,False,0
PDE10A,0.018758785,False,0
PDE1C,0.018635407,False,0
PDE4B,0.019293392,False,0
PDE4C,0.030423906,True,0
PDE6D,0.018481877,True,0
PDE8A,0.016295794,False,0
PDE8B,0.019986305,True,0
PDE9A,0.032312635,False,0
PDGFC,0.04146292,False,0
PDGFD,0.022113634,False,0
PDLIM5,0.0055680578,True,0
PDS5A,0.0064487257,False,0
PDXP,0.009014153,False,0
PDYN,0.050486542,False,0
PDZD2,0.00022407107,False,0
PDZRN3,0.01158222,False,0
PEA15,0.021208491,False,0
PEBP4,0.01931697,False,0
PECAM1,0.0030774144,True,0
PEG3,0.007958757,False,0
PELI1,0.017962156,False,0
PELI2,0.022691984,False,0
PEX5L,0.009079922,False,0
PFN2,0.011408317,True,0
PGAM1,0.014670732,False,0
PGM2L1,0.015827317,False,0
PGP,0.0148461275,True,0
PGR,0.019716604,False,0
PGRMC1,0.034456763,False,0
PHACTR1,0.0124053,False,0
PHACTR2,0.00383372,False,0
PHACTR3,0.041263707,True,0
PHF1,0.005104557,False,0
PHF21A,0.029678954,False,0
PHLDA2,0.065266445,False,0
PHLDB2,0.0038923367,False,0
PHLPP1,0.043856047,False,0
PHTF1,0.020969009,False,0
PHYHIP,0.0016874181,True,0
PI4K2B,0.000931763,False,0
PIEZO2,0.029604666,False,1
PIK3AP1,0.0075135534,False,0
PIK3C2G,0.028354898,True,0
PIK3CG,0.02510928,False,0
PIK3R3,0.003265976,True,0
PIK3R5,0.0032824634,False,0
PIN1,0.023077382,False,0
PINX1,0.040922094,True,0
PIP4K2A,0.025795965,False,0
PITHD1,0.0029997972,False,0
PITPNC1,0.0033120352,False,0
PITX1,0.008305352,False,0
PIWIL1,0.029694933,False,0
PKD2L1,0.0081388885,False,0
PKIA,0.0422889,False,0
PKM,0.06987918,True,0
PKN2-AS1,0.03932766,False,0
PKNOX1,0.04055824,True,0
PKNOX2,0.00615001,False,0
PLAG1,0.072372615,False,0
PLAGL1,0.04849852,False,0
PLCB1,0.008355632,False,0
PLCB4,0.034389496,False,0
PLCE1,0.02839383,True,0
PLCG2,0.038593415,False,0
PLCH1,0.054879587,False,0
PLCL1,0.044947114,True,0
PLCL2,0.025041668,False,1
PLD5,0.031450167,False,0
PLEKHA2,0.006286112,False,0
PLEKHA5,0.039827015,False,0
PLEKHG1,0.030229345,False,0
PLEKHG3,0.0036181323,False,0
PLEKHH2,0.040933754,False,1
PLK2,0.06478308,False,0
PLOD2,0.0056952965,True,0
PLPP3,0.01119644,False,0
PLPP4,0.0051794816,True,0
PLPPR1,0.0025709097,False,0
PLS3,0.011788898,False,0
PLSCR4,0.014312955,False,0
PLXDC2,0.0160325,False,0
PLXNA4,0.020696199,False,0
PLXNB1,0.004243527,False,0
PMEPA1,0.04781504,False,0
PMP2,0.0056147785,True,0
PMP22,3.704735e-05,False,0
PNCK,0.015514286,True,0
PNMA2,0.0074140597,False,0
PNMA8A,0.0089654,False,0
PNMA8B,0.01275651,False,0
POLR3A,0.024893977,False,0
POT1-AS1,0.01875395,False,0
POU2F1,0.0038796992,False,0
POU2F2,0.011207351,False,0
POU3F1,0.048328064,True,0
POU3F2,0.00063284335,False,0
POU3F3,0.04585332,False,0
POU3F4,0.039499566,True,0
POU6F1,0.035059553,True,0
POU6F2,0.0007387857,False,0
PPARA,0.015739724,True,0
PPARG,0.024481477,False,0
PPEF1,0.024561398,False,0
PPFIA2,0.032893665,False,0
PPFIA2-AS1,0.0061977115,False,0
PPFIBP2,0.013851906,False,0
PPIA,0.042916812,True,0
PPP1R1A,0.088939644,False,0
PPP1R1C,0.012994619,False,0
PPP1R3C,0.0010120233,False,0
PPP4R4,0.014848709,False,0
PPP5C,0.024808517,True,0
PRAG1,0.039501533,False,0
PRDM10,0.048000555,False,0
PRDM12,0.02460869,True,0
PRDM15,0.007386644,False,0
PRDM16,0.017639264,True,0
PRDM5,0.028916292,True,0
PRDM8,0.022673763,True,0
PRELP,3.180866e-06,False,0
PREX1,0.010902831,False,0
PREX2,0.002967592,False,0
PRIMA1,0.011231643,False,0
PRKAA2,0.031365387,True,0
PRKAG2-AS1,0.03538009,False,0
PRKCA,0.034118507,False,0
PRKCA-AS1,0.0563791,True,0
PRKCQ,0.022296876,False,0
PRKD1,0.014208547,False,0
PRKG1,0.05004439,True,0
PRKY,0.01980257,False,0
PRLR,7.820218e-05,False,0
PRMT8,0.011003423,True,0
PRNP,0.005591908,False,0
PROX1,0.005739219,False,0
PROX1-AS1,0.02871969,False,0
PRR16,0.03452826,True,0
PRRG1,0.03837082,True,0
PRRX1,0.019545004,False,0
PRSS23,0.033682745,False,0
PRSS55,0.016498618,True,0
PSMA7,0.010121187,False,0
PSMB3,0.013963127,False,0
PSMC3,0.05617847,True,0
PSMD12,0.027365502,True,0
PSMD2,0.02422582,False,0
PSTPIP2,0.0057514296,False,0
PTBP3,0.02136512,True,0
PTCHD1,0.026292868,False,0
PTCHD1-AS,0.026771877,False,0
PTF1A,0.040507033,False,0
PTGER3,0.06958158,False,0
PTGS1,4.3395635e-06,False,0
PTGS2,5.892241e-05,False,0
PTH2R,0.024360511,False,0
PTK2B,0.004394266,False,1
PTK7,0.05705672,False,0
PTMA,0.00528389,False,0
PTN,0.012879876,False,0
PTPN13,0.03116323,False,0
PTPRB,0.004941813,False,0
PTPRC,0.0041363677,True,0
PTPRE,0.013181399,False,0
PTPRF,0.042407516,False,0
PTPRG,0.033681244,False,1
PTPRG-AS1,0.020175857,True,0
PTPRJ,0.008624928,False,0
PTPRK,0.011571619,False,0
PTPRM,0.020363217,False,1
PTPRN2,0.031117352,False,0
PTPRO,0.011160188,False,0
PTPRQ,0.026792983,False,0
PTPRR,0.025921933,False,0
PTPRS,0.044326413,False,0
PTPRT,0.0116951475,False,0
PUDP,0.027877962,False,0
PUM3,0.0077947355,False,0
PURA,0.054543406,False,0
PURG,0.005518886,False,0
PVT1,0.031571284,False,0
PXYLP1,0.033346042,True,0
PYGL,0.04589623,False,0
PYGM,0.03752891,False,0
QKI,0.014075559,False,0
RAB13,0.025363658,False,0
RAB14,0.044480227,False,0
RAB20,0.035605237,True,0
RAB27A,0.038029823,False,0
RAB27B,0.01827702,False,0
RAB2A,0.047151644,True,0
RAB31,0.0269545,True,0
RAB3A,0.03527517,False,0
RAB3IP,0.036143616,False,0
RAB6B,0.011749748,False,0
RAD21,0.045327857,False,0
RAD51B,0.03706603,False,0
RAI14,0.0098657375,False,1
RAN,0.008593639,False,0
RANBP1,0.011514948,True,0
RANBP10,0.025564475,True,0
RANBP3L,0.018762577,False,0
RAP1GAP,0.014077453,False,0
RAP2A,0.019207966,False,0
RAP2C-AS1,0.026992727,True,0
RAPGEF5,0.03902014,False,0
RARA,0.030923575,False,0
RARB,0.026156317,False,0
RARG,0.029094385,False,1
RARRES1,0.028136995,False,0
RARRES2,0.014147922,False,0
RASA3,0.048559498,True,0
RASD1,0.016378162,False,0
RASGEF1B,0.026913228,False,0
RASGRF2,0.0040970505,False,0
RASGRP1,0.020856308,False,1
RASGRP3,0.02656821,False,0
RASL10A,0.036791176,False,0
RASSF2,0.01403698,False,0
RASSF8,0.002875164,False,0
RAVER2,0.019304514,False,0
RBBP5,0.035710342,False,0
RBFOX1,0.03855219,False,0
RBFOX2,0.004606567,True,0
RBM17,0.04439806,False,0
RBM20,0.0055883024,True,0
RBM47,0.016291592,False,0
RBMS1,0.04042324,False,0
RBMS3,0.017950518,False,0
RBP4,0.029468464,False,0
RBPJ,0.03646393,False,0
RBPJL,0.026761364,True,0
RCAN2,0.03641877,False,0
RCBTB2,0.03331409,False,0
RCN1,0.013631558,True,0
RCOR1,0.06141295,False,0
RDX,0.0070164753,False,0
REL,0.019411206,False,0
RELA,0.05845453,False,0
RELL1,0.041797113,False,0
RERG,0.0065481146,False,0
REST,0.016700836,False,0
REX1BD,0.016029395,False,0
RFC3,0.026756464,False,0
RFTN1,0.0009889134,False,0
RFX1,0.0013780133,False,0
RFX2,0.03719456,True,0
RFX3,0.04311906,False,1
RFX4,0.10403806,False,0
RFX5,0.0048344037,False,0
RFX7,0.027258402,False,0
RFX8,0.021769999,False,0
RFXAP,0.0013469066,False,0
RGCC,0.00065392524,False,0
RGMA,0.021167457,False,0
RGS1,2.6620331e-05,False,0
RGS10,0.0011464554,False,0
RGS12,0.036687903,False,1
RGS16,0.0011203858,False,0
RGS17,0.041832346,False,0
RGS20,0.005712089,False,0
RGS4,0.016185421,True,0
RGS5,0.043456867,False,0
RGS6,0.0023488016,False,0
RGS7,0.015629852,False,0
RHBDD1,0.039112687,False,0
RHBDD2,0.009865797,False,0
RHBDF2,0.013121777,False,0
RHEB,0.03883933,False,0
RHOBTB1,0.071356304,False,0
RHOBTB2,0.030075608,False,0
RHOBTB3,0.02484501,False,0
RHOU,0.0062666503,False,0
RIMS1,0.028704552,False,0
RIN3,0.016452735,False,0
RIPK2,0.0121623995,False,0
RIPOR2,0.040907025,False,0
RIT2,0.037259962,True,0
RMDN2,0.024662096,False,0
RMDN2-AS1,0.03218225,True,0
RMST,0.0132570835,False,0
RNASEK,0.049075145,False,0
RNASET2,0.0123548675,False,0
RNF125,0.08646207,False,0
RNF138,0.038635332,True,0
RNF144B,0.007671989,True,0
RNF182,0.035399463,True,0
RNF212,0.053369664,True,0
RNF217-AS1,0.015823152,True,0
RNF220,0.035547342,True,0
ROBO1,0.0034118546,False,0
ROBO2,0.027226275,True,0
ROR1,0.03845635,False,0
RORA,0.0071860813,False,0
RORB,0.00093684054,False,0
RORB-AS1,0.026717564,False,0
ROS1,0.050695725,False,0
RPH3A,0.01390691,False,0
RPL11,0.0031614045,False,0
RPL14,0.011969937,False,0
RPL15,0.012225839,False,0
RPL22,0.011202043,False,0
RPL26,0.0031729029,False,0
RPL32,0.023986382,False,0
RPL37A,0.029175557,False,0
RPL6,0.0036193857,False,0
RPP25,0.03003384,False,0
RPRML,0.018361643,True,0
RPS12,0.0006420341,True,0
RPS16,0.0028980619,False,0
RPS19,0.017846365,True,0
RPS24,0.0071508414,False,0
RPS26,0.0020572324,False,0
RPS4X,0.010746132,False,0
RPS6KA5,0.039264143,False,0
RRAS2,0.063503176,False,0
RREB1,0.0030758786,False,0
RRM2,0.059987407,False,0
RSPO2,0.03215404,False,0
RSPO3,0.00993344,False,0
RTKN2,0.026183087,False,0
RTN1,0.0029637925,True,0
RTN3,0.0072343354,False,0
RTN4,0.037337407,True,0
RTN4RL1,0.04572309,True,0
RUFY3,0.034776267,False,0
RUNX1,0.011311892,False,0
RUNX1T1,0.0078047174,False,0
RUNX2,0.012240757,False,0
RUNX3,0.009422759,False,0
RUVBL1,0.01060228,False,0
RXFP1,0.030774597,True,0
RXRA,0.0079867095,True,0
S100A6,0.0036883506,False,0
S100Z,0.0049915495,False,0
SALL1,0.022488175,False,0
SALL2,0.017586833,True,0
SALL3,0.014188483,False,0
SAMD3,0.012859848,False,0
SAMD4A,0.028298356,False,0
SAMD5,0.010917492,False,0
SAMD9L,0.03604928,False,0
SAMSN1,0.014692163,False,0
SARAF,0.060887367,False,0
SASH1,0.019065399,False,0
SATB1,0.019316232,False,0
SATB1-AS1,0.033519983,False,0
SATB2,0.00023542656,False,0
SAXO1,0.0010977308,False,0
SCARA3,0.014221785,False,0
SCG2,0.036264382,False,0
SCHLAP1,0.02079819,False,0
SCIN,0.009497476,False,0
SCMH1,0.042360075,False,0
SCML4,0.04381817,False,0
SCN1A,0.0449878,False,0
SCN1A-AS1,0.045146186,True,0
SCN3B,0.011288644,False,0
SCN5A,0.016002314,False,0
SCN9A,0.0009318126,True,0
SCPEP1,0.02811392,True,0
SCRT1,0.03484772,False,0
SEC14L1,0.02859779,True,0
SEC16B,0.031337194,False,0
SEC24D,0.028761696,False,0
SEL1L3,0.0037091344,False,0
SELENOH,0.011837588,False,0
SELPLG,0.042123426,True,0
SEMA3A,0.0258996,False,0
SEMA3C,0.008092651,False,0
SEMA4A,0.037741028,False,0
SEMA5A,0.005772926,False,0
SEMA5B,0.12241887,False,0
SEMA6A,0.034273107,False,0
SEMA6D,0.04478483,True,0
SERINC3,0.01183061,False,0
SERPINB2,0.05916057,True,0
SERPINE2,0.015985802,False,0
SERPINF1,0.017672282,False,0
SERPINI1,0.0052287,False,0
SERTAD2,0.032448143,False,0
SERTM1,0.006842504,False,0
SETBP1,0.0011721847,False,0
SEZ6L,0.018411439,False,0
SEZ6L2,0.011627347,True,0
SFMBT2,0.0452016,False,0
SFTA1P,0.0051396154,True,0
SGCG,0.049729638,True,0
SGCZ,0.03940406,False,0
SGK1,0.03159728,False,0
SH2D1B,0.0069300747,False,0
SH3BGRL3,0.048859306,False,0
SH3BP2,0.01706095,True,0
SH3GL3,0.021567754,False,0
SH3RF1,0.04146479,False,0
SH3RF2,0.02432186,False,0
SH3RF3,0.021015309,False,0
SH3TC1,0.0036266993,False,0
SH3TC2,0.050691847,False,0
SHB,0.041495424,False,0
SHISA9,0.029630518,False,0
SHROOM3,0.026063228,True,0
SHROOM4,0.025418524,False,0
SIDT1,0.023869626,False,0
SIGLEC9,0.0038463457,False,0
SIK2,0.05108047,False,0
SIM2,0.054001596,False,0
SIN3A,0.04382708,False,0
SIRPB2,0.0066172983,False,0
SIRPD,0.0028483395,False,0
SIRT6,0.025380662,False,0
SIX6,0.06966575,False,0
SLA,0.035991542,False,0
SLC11A1,0.0029480301,False,0
SLC12A2,0.03686603,False,0
SLC12A7,0.008975498,False,0
SLC12A8,0.022463566,False,0
SLC14A1,0.010675381,True,0
SLC14A2,0.029518614,True,0
SLC14A2-AS1,0.0027825518,False,0
SLC16A10,0.041855957,True,0
SLC17A6,0.028550917,False,0
SLC18A1,0.055804998,True,0
SLC1A2,0.032704785,False,0
SLC1A3,0.005219482,False,0
SLC20A1,0.017239239,False,0
SLC22A10,0.035124637,False,0
SLC22A17,0.012450327,True,0
SLC22A23,0.033060487,False,1
SLC22A25,0.04733003,False,0
SLC22A3,0.025527788,False,0
SLC22A6,0.03396325,False,0
SLC22A9,0.08461415,False,1
SLC24A4,0.03527702,False,0
SLC26A4,0.032505874,False,0
SLC26A4-AS1,0.048926372,False,0
SLC26A7,0.050179012,False,0
SLC27A6,0.004436804,False,0
SLC2A12,0.036882617,False,0
SLC2A13,0.027454594,False,0
SLC2A14,0.01603002,True,0
SLC2A5,0.0029251892,False,0
SLC2A9,0.04394576,True,0
SLC30A8,0.0060863025,False,0
SLC32A1,0.0074194726,False,0
SLC35F1,0.031908087,False,0
SLC35F3,0.021054039,False,0
SLC38A2,0.0058582304,False,0
SLC38A4,0.012670955,False,0
SLC38A8,0.04544272,False,0
SLC39A10,0.0050980495,False,0
SLC39A11,0.0067593167,True,0
SLC39A12,0.028033929,False,0
SLC44A1,0.011530323,False,0
SLC44A5,0.033614688,True,0
SLC45A2,0.025569841,False,0
SLC47A1,0.03618713,False,0
SLC4A4,0.018901866,False,0
SLC51B,0.01267105,False,0
SLC5A3,0.02368144,False,0
SLC5A8,0.03906907,True,0
SLC7A14,0.04009795,False,0
SLC7A2,0.0035505784,False,0
SLC8A1-AS1,0.09013979,False,0
SLC9A5,0.036156856,True,0
SLC9A9,0.0020817462,True,0
SLCO1A2,0.017105453,False,0
SLCO2A1,0.032569814,False,0
SLCO2B1,0.00071484264,False,0
SLCO4C1,0.023829676,False,0
SLFN5,0.0020769266,False,0
SLIT2,0.05891786,True,0
SLIT3,0.020133166,False,0
SMAD1,0.034167048,False,0
SMAD2,0.04214404,True,0
SMAD3,0.061266705,False,0
SMAD4,0.043705616,False,0
SMAD5,0.022939986,False,0
SMAD7,0.015724698,True,0
SMAD9,0.048493076,False,0
SMAP2,0.036876757,False,1
SMARCA1,0.03916531,False,0
SMARCC1,0.018331373,False,0
SMARCC2,0.07424346,False,0
SMARCD3,0.011709586,False,0
SMCO4,0.05992952,False,0
SMIM12,0.04435999,False,0
SMIM29,0.012382116,False,0
SMIM5,0.029315323,False,0
SMOC2,0.000999824,False,0
SMTN,0.08270445,True,0
SMURF1,0.031133993,False,0
SMYD1,0.047767553,False,0
SNAI3,0.006393523,False,0
SNAP25,0.0012521317,False,0
SNAP25-AS1,0.016326046,True,0
SNAPC4,0.024023337,False,0
SNCA,0.009748073,False,0
SNCAIP,0.038101893,True,0
SNCB,0.0049999068,False,0
SNED1,0.044387475,False,0
SNN,0.08302358,False,0
SNRNP25,0.019904133,True,0
SNRPN,0.028143479,False,0
SNTB2,0.030003708,False,0
SNTG2,0.035128567,False,0
SNUPN,0.022174733,True,0
SNX25,0.037754193,False,0
SNX3,0.055881284,False,0
SNX7,0.020330405,False,0
SOHLH2,0.019179394,False,0
SORBS2,0.04519042,False,0
SORCS1,0.024853466,False,0
SORCS2,0.045446455,False,0
SORCS3,0.06839158,False,0
SOSTDC1,0.028152127,False,0
SOX1,0.0026343889,False,0
SOX10,0.0029101493,True,0
SOX11,0.006702422,True,0
SOX13,0.020480614,False,0
SOX15,0.017137516,False,0
SOX2,0.0024693322,False,0
SOX30,0.0042287894,False,0
SOX5,0.002677614,False,0
SOX6,0.046755087,False,0
SOX7,0.016285984,False,0
SOX9,0.004672899,False,0
SP1,0.0032735409,True,0
SP100,0.0005813238,False,0
SP110,0.01261138,False,0
SP2,0.09199599,False,0
SP3,0.037908338,False,0
SP4,0.030464059,False,0
SP8,0.042664297,False,0
SPATA9,0.0017166917,False,0
SPATC1,0.02999129,False,0
SPATS2,0.0070837867,True,0
SPDYE2,0.0068237125,False,0
SPI1,0.02535684,True,0
SPOCK3,0.023605393,False,0
SPON1,0.017075047,False,0
SPON2,0.052520018,False,0
SPP1,0.010924847,False,0
SPRED1,0.04636631,False,0
SPRED2,0.041581534,False,0
SPRYD3,0.011876376,False,0
SPTLC3,0.049084373,False,0
SPTSSB,0.017159425,False,0
SPTY2D1,0.0041711414,True,0
SREBF2,0.00022539594,False,0
SRF,0.07958188,False,0
SRGAP1,0.008370651,False,0
SRGAP2,0.011099343,True,0
SRGN,0.0028575568,True,0
SRRM3,0.0039285817,False,0
SRSF9,0.015885498,True,0
SSBP2,0.03482547,False,0
SSBP3,0.039072704,False,1
SSTR2,0.062571555,True,0
ST6GAL1,0.0111097535,False,0
ST6GAL2,0.025139844,False,0
ST6GALNAC5,0.01541467,False,0
ST7-AS2,0.019949313,False,0
STAB1,0.020489147,False,0
STARD13,0.043176647,False,0
STARD4-AS1,0.021628032,False,0
STAT3,0.027838847,False,0
STAT4,0.019987212,False,0
STAT5A,0.00016491127,False,0
STAT5B,0.044370525,False,0
STAT6,0.03715986,False,0
STAU2,0.018330159,False,0
STC2,0.101576164,False,0
STK17B,0.052128308,False,0
STK3,0.032634716,False,0
STK32B,0.008250667,False,0
STK40,0.049780674,True,0
STMN1,0.008058625,False,0
STMN2,0.01529277,False,0
STMN3,0.012072828,False,0
STON1-GTF2A1L,0.04314007,False,0
STS,0.02178649,False,0
STT3B,0.06002122,False,1
STUB1,0.06326451,False,0
STUM,0.030471731,False,0
STXBP5-AS1,0.017759651,False,0
STXBP6,0.045426298,False,0
STYK1,0.045336787,False,0
SUB1,0.028951054,False,0
SULF1,0.032071732,True,0
SULF2,0.024161156,False,0
SULT4A1,0.01743915,False,0
SUMO1,0.039665412,False,0
SUMO3,0.013124407,False,0
SUN3,0.039929874,False,0
SUSD1,0.0035270378,False,0
SUSD4,0.029754873,True,0
SV2B,0.04669506,False,0
SV2C,0.0066588274,False,0
SVEP1,0.026650863,False,0
SVIL,0.0423243,False,0
SYK,0.0011863693,False,0
SYN3,0.0131664965,False,0
SYNDIG1,0.0012303687,False,0
SYNJ2,0.036578532,True,0
SYNPO2,0.022008307,False,0
SYNPR-AS1,0.041798513,True,0
SYT5,0.010477818,False,0
SYT6,0.010161846,False,0
TACR1,0.0043125125,False,0
TAF6,0.03528622,False,0
TAF9,0.03822991,False,0
TAGLN2,0.04992563,False,0
TAGLN3,0.044867396,True,0
TAL1,0.00638896,False,0
TAL2,0.00635492,False,0
TANC1,0.00700102,False,0
TANC2,0.010714699,False,0
TAPT1,0.008989476,False,0
TAPT1-AS1,0.03986017,False,0
TBC1D1,0.028876616,True,0
TBC1D4,0.018202705,False,0
TBC1D8,0.036031153,False,0
TBL1X,0.04029035,False,0
TBL1XR1,0.012747468,False,0
TBPL1,0.01941339,False,0
TBR1,0.036224917,False,0
TBRG1,0.014426007,False,0
TBX10,0.031289257,False,0
TBX5,0.00012561833,False,0
TBX6,0.0174903,False,0
TBXAS1,0.001200356,False,0
TC2N,0.08607438,False,0
TCEA2,0.016877417,False,0
TCEAL5,0.048372068,False,0
TCEAL6,0.037184738,False,0
TCERG1L,0.023276256,False,0
TCF12,0.006721238,False,0
TCF15,0.0358344,False,0
TCF23,0.0007041261,False,0
TCF3,0.06416627,False,0
TCF4,0.0056912582,False,0
TCF7L2,0.037824895,True,0
TCP1,0.012665695,True,0
TDO2,0.028013531,False,0
TDRD1,0.008923875,False,0
TDRD12,0.035562277,False,0
TDRD5,0.018397527,False,1
TDRD9,0.06388326,False,0
TEAD1,0.021884022,False,0
TEAD3,0.0024798997,False,0
TEC,0.054597676,False,0
TEF,0.036325987,False,0
TENM2,0.00030422845,False,0
TENM4,0.036948834,True,0
TERB1,0.015733795,False,0
TESC,0.03449702,False,0
TESPA1,0.033614125,True,0
TET1,0.043192923,True,0
TEX15,0.06227404,False,0
TEX2,0.008222698,False,0
TFAP2C,0.05700209,False,0
TFAP2D,0.0014459698,False,0
TFAP4,0.0031856212,False,0
TFCP2L1,0.036364466,True,1
TFDP1,0.034535576,True,0
TFDP2,0.030807888,False,0
TFE3,0.0051458715,False,0
TFEB,0.002425438,False,0
TFEC,0.012254602,False,0
TGFBR1,0.031068299,True,0
TGFBR2,0.0006993411,False,0
TGFBR3,0.048035257,True,0
TGIF1,0.018477822,False,0
TGIF2,0.014742017,False,0
TH2LCRR,0.023271408,False,0
THAP12,0.011536239,True,0
THEMIS,0.03651773,False,0
THOC2,0.04560304,False,0
THRA,0.0758544,False,0
THRB,0.00020669367,False,0
THRB-AS1,0.023886206,False,0
THSD7A,0.007471262,False,0
THY1,0.009355974,False,0
TIAM1,0.0053260406,False,0
TIGD4,0.027387284,False,0
TIMELESS,0.08766374,False,0
TIMP3,0.006228118,False,0
TINAG,0.0295536,False,0
TIPARP,0.041477524,False,0
TJP2,0.012415433,False,0
TLE1,0.018324893,False,0
TLE4,0.036816023,False,0
TLK1,0.015347806,False,0
TLL1,0.0030163757,False,0
TLR1,0.01293434,False,0
TLR10,0.012567251,True,0
TLR2,0.0026427333,False,0
TLR3,0.0024382076,False,0
TMC8,0.0067821895,False,0
TMCC3,0.010229708,False,0
TMEFF2,0.014098009,False,0
TMEM108,0.025153413,False,0
TMEM117,0.01497113,False,0
TMEM132B,0.0012480286,True,0
TMEM132C,0.012912509,False,0
TMEM132D,0.005033711,False,0
TMEM14A,0.031240989,False,0
TMEM150C,0.015763588,True,0
TMEM155,0.054445103,False,0
TMEM156,0.031533092,False,0
TMEM158,0.020749595,False,0
TMEM160,0.017843038,False,0
TMEM164,0.027097497,False,0
TMEM178B,0.001970722,False,0
TMEM179,0.07402347,False,0
TMEM192,0.026085988,False,0
TMEM200A,0.027798664,False,0
TMEM203,0.0056234323,False,0
TMEM233,0.02650005,False,0
TMEM244,0.0050411858,False,0
TMEM255A,0.0016406944,False,0
TMEM26-AS1,0.05241514,False,0
TMEM35A,0.08231952,True,0
TMEM45A,0.031070147,False,0
TMEM51,0.01995883,False,0
TMEM54,0.09157639,False,0
TMEM59L,0.007962011,False,0
TMEM64,0.023576496,False,0
TMIGD3,0.0033461587,False,0
TMLHE-AS1,0.0024384384,False,0
TMSB4X,0.032486487,False,0
TMTC1,0.02772198,False,0
TMTC2,0.03722836,True,0
TMTC4,0.01771716,False,0
TMX4,0.07952714,False,0
TNFAIP8,0.0015307013,False,0
TNFRSF10D,0.0031484566,False,0
TNFRSF19,0.033386167,False,0
TNFRSF1B,0.051211882,False,0
TNFRSF4,9.694063e-05,False,0
TNNT2,0.025987025,True,0
TNR,0.0073281424,False,0
TNS3,0.020235822,False,0
TOB2,0.010586844,False,0
TOPAZ1,0.032246973,False,0
TOX,0.005190766,False,0
TOX3,0.035259575,True,0
TP53,0.012452239,False,0
TP53I11,0.04918584,False,0
TPBG,0.0014144287,False,0
TPK1,0.041085873,False,0
TPPP,0.04192447,False,0
TPTE2,0.036470048,False,0
TRAF4,0.0024513332,False,0
TRERF1,0.040991914,False,0
TRHDE,0.038422212,False,0
TRHDE-AS1,0.030273689,True,0
TRIB2,0.001979113,False,0
TRIM22,0.027390987,True,0
TRIM28,0.04427984,True,0
TRIM36,0.029448347,True,0
TRIM54,0.026469436,False,0
TRPC4,0.021751886,False,0
TRPS1,0.01767584,False,0
TSC22D1,0.04251429,True,0
TSC22D3,0.05638582,False,0
TSC22D4,0.004658443,False,0
TSHZ2,0.0118406555,False,1
TSHZ3,0.034970433,True,0
TSNAX,0.03165466,False,0
TSPAN9,0.027108317,False,0
TSPYL1,0.042290572,False,0
TTC23L,0.029932834,False,0
TTC6,0.028651163,False,0
TTC9B,0.0336249,False,0
TTN-AS1,0.018395264,False,0
TTTY14,0.03931292,False,0
TTYH2,0.0055756033,True,0
TUBA1A,0.0131641105,False,0
TUBA1B,0.021508748,True,0
TUBA1C,0.043026157,False,0
TUBA4A,0.00559508,True,0
TUBB2A,0.034442496,False,0
TUBB3,0.054662988,False,0
TUBB4B,0.042102743,False,0
TUNAR,0.023544585,False,0
TUSC2,0.013397242,False,0
TWIST2,0.026122056,False,0
TXK,0.046008874,False,0
TXN,0.06538185,True,0
TYROBP,0.0072352015,False,0
U2AF1,0.03581542,False,0
UBB,0.004500259,False,0
UBE2E1,0.02618429,False,0
UBE2V1,0.017272392,False,0
UBL5,0.0062644766,False,0
UBP1,0.020711565,False,0
UBTF,0.0638694,False,0
UBXN1,0.0134165045,True,0
UCHL1,0.015561935,False,0
UGP2,0.0068190736,False,0
UGT8,0.051868416,True,0
UIMC1,0.02841058,False,0
UNC5D,0.0044567245,True,0
UPP2,0.020577135,False,0
USH2A,0.002500186,False,0
USP2-AS1,0.032780956,False,0
USP3,0.0072805053,False,0
USP3-AS1,0.042460445,False,0
USP43,0.03458413,False,0
USP46,0.06411018,False,0
USP53,0.0075635915,False,0
USP6NL,0.0038139396,False,0
UST,0.013047726,True,0
UTP18,0.028520323,False,0
VAMP2,0.016232338,False,0
VAV1,0.008972861,False,0
VAV2,0.0015092539,False,0
VAV3,0.02338374,False,0
VAV3-AS1,0.0027415534,True,0
VAX1,0.0016333091,False,0
VEGFA,0.014583359,False,0
VENTX,0.011118924,False,0
VEZF1,0.039709304,False,0
VGF,0.017668283,False,0
VGLL2,0.0076417616,False,0
VIM-AS1,0.0037391377,True,0
VIP,0.007134752,False,0
VIPR2,0.03618934,False,0
VIT,0.0121883685,True,0
VOPP1,0.025097769,False,0
VRK2,0.02449313,False,0
VSIG4,0.032014877,False,0
VSNL1,0.0032717835,False,0
VSTM2L,0.03733788,True,0
VWA3A,0.017012242,True,0
WDR63,0.030624533,False,0
WDR64,0.0073393835,True,1
WDR86,0.036471684,False,0
WHRN,0.01601321,False,0
WIPF1,0.014997212,False,0
WIPF3,0.016701303,False,0
WLS,0.014441844,False,0
WNT7B,0.01134033,True,0
WNT9A,0.010616954,False,0
WT1,0.0022512912,False,0
WWOX,0.0042573432,False,0
XAF1,0.0015347076,False,0
XBP1,0.0021892597,False,0
XKR4,0.028558237,False,0
XKR9,0.011623809,True,0
XYLT1,0.040615145,True,0
YAP1,0.008386851,False,0
YBX3,0.007648135,False,0
YJEFN3,0.012981996,False,0
YPEL3,0.004917375,False,0
YWHAB,0.0040153475,False,0
YWHAG,0.010853696,False,0
YWHAH,0.028759645,False,0
YWHAZ,0.005472027,False,0
YY1,0.016239274,False,0
YY2,0.0049857437,False,0
ZBBX,0.026342154,False,0
ZBED3-AS1,0.022815745,False,0
ZBED9,0.022597237,False,0
ZBTB11,0.027815318,False,0
ZBTB14,0.07091749,True,0
ZBTB16,0.0068916865,False,0
ZBTB18,0.007153659,True,0
ZBTB2,0.05492157,True,0
ZBTB20,0.005214278,False,0
ZBTB21,0.04527603,False,0
ZBTB25,0.03419871,False,0
ZBTB26,0.028338656,False,0
ZBTB37,0.03623311,False,0
ZBTB39,0.000324507,False,0
ZBTB43,0.024284057,False,0
ZBTB44,0.038588554,False,0
ZBTB45,0.057182703,False,0
ZBTB46,0.08032858,False,0
ZBTB5,0.030523494,False,0
ZBTB6,0.009117048,False,0
ZBTB7A,0.018233633,False,0
ZBTB7B,0.00010165765,True,0
ZBTB7C,0.018186064,True,0
ZBTB8A,0.012101685,False,0
ZCCHC12,0.013236416,True,0
ZCCHC14,0.03250394,False,0
ZCCHC17,0.011597275,False,0
ZDHHC14,0.040717952,True,0
ZDHHC2,0.0187601,False,0
ZDHHC5,0.021362217,False,0
ZEB1,0.029097976,False,0
ZEB2,0.023999954,False,0
ZFAT,0.0405883,False,0
ZFHX3,0.005676345,False,0
ZFHX4,0.0042943815,False,0
ZFP1,0.02899591,True,0
ZFP30,0.05257002,False,0
ZFP36L2,0.0070478534,False,0
ZFP69B,0.015879886,True,0
ZFP90,0.001851661,False,0
ZFPM2,0.015499223,False,0
ZFX,0.039154872,True,0
ZFY,0.012499955,False,0
ZHX1,0.056517087,False,0
ZIC1,1.202004e-05,False,0
ZIC2,0.017168548,False,0
ZIC4,0.00063818914,False,0
ZIC5,0.09362045,False,0
ZIM2,0.031268973,False,0
ZKSCAN4,0.036747146,True,0
ZKSCAN8,0.01006424,False,0
ZMAT4,0.003816038,False,0
ZMIZ1-AS1,0.018183835,False,0
ZNF100,0.042054646,True,0
ZNF107,0.024168871,False,0
ZNF121,0.054574016,False,0
ZNF124,0.012379353,False,0
ZNF131,0.035846226,False,0
ZNF135,0.020043423,False,0
ZNF138,0.042617645,False,0
ZNF148,0.008570539,False,0
ZNF155,0.030063294,True,0
ZNF160,0.044107337,False,0
ZNF17,0.027971404,True,0
ZNF177,0.010113446,True,0
ZNF18,0.038774136,True,0
ZNF180,0.032638095,False,0
ZNF184,0.026015634,False,0
ZNF19,0.027954308,False,0
ZNF195,0.044425428,False,0
ZNF197,0.04722308,False,0
ZNF202,0.019224133,False,0
ZNF214,0.018830663,False,0
ZNF215,0.026441973,False,0
ZNF217,0.006260275,True,0
ZNF219,0.018857015,False,0
ZNF223,0.031814888,False,0
ZNF232,0.0033206316,False,0
ZNF239,0.048144065,False,0
ZNF24,0.0046486896,False,0
ZNF248,0.044317845,True,0
ZNF260,0.02793062,False,0
ZNF263,0.032117072,True,0
ZNF273,0.04176478,True,0
ZNF276,0.0043419306,False,0
ZNF280A,0.0010634426,False,0
ZNF280D,0.037323188,False,0
ZNF281,0.024291819,False,0
ZNF286A,0.056414153,False,0
ZNF287,0.0027694125,False,0
ZNF30,0.03135319,False,0
ZNF300,0.029063927,False,0
ZNF304,0.024191907,False,0
ZNF316,0.021915564,False,0
ZNF326,0.04294591,True,0
ZNF331,0.00035902174,False,0
ZNF333,0.011787354,False,0
ZNF335,0.009506012,False,0
ZNF337,0.042923473,False,0
ZNF34,0.000955289,True,0
ZNF343,0.028826825,False,0
ZNF358,0.044590462,False,0
ZNF365,0.02429942,True,0
ZNF367,0.044567354,False,0
ZNF37A,0.043505125,True,0
ZNF384,0.02349736,True,0
ZNF385B,0.0072132633,False,0
ZNF385D,0.010554582,True,0
ZNF391,0.022400966,False,0
ZNF398,0.009020083,False,0
ZNF404,0.052504286,False,0
ZNF414,0.07575612,False,0
ZNF415,0.006217794,False,0
ZNF419,0.014472296,False,0
ZNF423,0.0017441133,False,0
ZNF425,0.07154682,False,0
ZNF429,0.03654632,True,0
ZNF430,0.025397176,False,0
ZNF431,0.021738702,False,0
ZNF436,0.00023861018,True,0
ZNF438,0.047038127,False,0
ZNF45,0.011998048,False,0
ZNF454,0.018921869,False,0
ZNF462,0.050076906,False,0
ZNF467,0.023482906,False,0
ZNF48,0.05230097,False,0
ZNF480,0.039530523,False,1
ZNF487,0.003254859,False,0
ZNF493,0.043923277,False,0
ZNF500,0.019452266,False,0
ZNF503,0.041861042,False,0
ZNF511,0.054793876,False,0
ZNF516,0.0022787654,False,0
ZNF517,0.035585124,False,0
ZNF518A,0.036985084,False,0
ZNF519,0.013868746,False,0
ZNF521,0.051019292,False,0
ZNF525,0.055428974,False,0
ZNF527,0.0025267978,False,0
ZNF532,0.0063562607,False,0
ZNF536,0.0013334443,False,0
ZNF541,0.029288106,False,0
ZNF543,0.029294895,False,0
ZNF547,0.024763,False,0
ZNF548,0.007881463,False,0
ZNF554,0.031446587,False,0
ZNF555,0.0075004613,False,0
ZNF556,0.008540147,False,0
ZNF558,0.02482843,False,0
ZNF567,0.019425007,False,0
ZNF574,0.033309255,False,0
ZNF575,0.03566346,False,0
ZNF579,0.029413342,False,0
ZNF592,0.031453114,False,0
ZNF596,0.02539055,False,0
ZNF600,0.06705541,False,0
ZNF607,0.0091625415,False,0
ZNF608,8.331875e-05,False,0
ZNF624,0.046439778,False,0
ZNF641,0.022287972,False,0
ZNF644,0.024941448,True,0
ZNF652,0.010947974,False,0
ZNF664,0.043482624,False,0
ZNF665,0.009144828,False,0
ZNF667,0.021343874,False,0
ZNF671,0.035743475,False,0
ZNF672,0.04534251,False,0
ZNF675,0.044832405,False,0
ZNF680,0.04473438,False,0
ZNF681,0.024064962,False,0
ZNF695,0.0011610267,False,0
ZNF697,0.02790355,False,0
ZNF7,0.029487062,True,0
ZNF701,0.022225488,False,0
ZNF704,0.00470535,False,0
ZNF705G,0.002935355,False,0
ZNF706,0.016313862,False,0
ZNF707,0.009130662,False,0
ZNF708,0.01704575,False,0
ZNF71,0.00943162,False,0
ZNF710,0.004468308,True,0
ZNF711,0.015118867,False,0
ZNF714,0.041254822,False,0
ZNF721,0.049541637,True,1
ZNF727,0.04419003,True,0
ZNF732,0.03370422,False,0
ZNF736,0.038987756,True,0
ZNF74,0.06218296,False,0
ZNF740,0.006310183,False,0
ZNF746,0.043276493,False,0
ZNF749,0.03272873,False,0
ZNF75A,0.0008504749,False,0
ZNF75D,0.08060067,False,0
ZNF763,0.023310114,False,0
ZNF764,0.025197627,False,0
ZNF77,0.016119767,False,0
ZNF771,0.052804936,False,0
ZNF772,0.0063992385,False,0
ZNF773,0.029690498,False,0
ZNF774,0.02203657,False,0
ZNF777,0.026492978,False,0
ZNF778,0.040125806,False,0
ZNF780B,0.051496115,True,0
ZNF781,0.024651065,True,0
ZNF783,0.012790307,False,0
ZNF786,0.008294657,True,0
ZNF790,0.0023599393,False,0
ZNF800,0.036645602,False,0
ZNF804B,0.026254948,False,0
ZNF821,0.041157436,False,0
ZNF827,0.031439178,True,0
ZNF831,0.045938846,False,0
ZNF84,0.043604277,True,0
ZNF85,0.034083977,False,0
ZNF860,0.0003290815,False,0
ZNF879,0.01262398,False,0
ZNF891,0.042068116,True,0
ZNF90,0.0026331814,False,0
ZNF92,0.043530326,False,0
ZNF93,0.0022164457,False,0
ZNF98,0.015762635,False,0
ZNRF2,0.047615185,True,0
ZNRF3,0.031581063,False,0
ZPLD1,0.039687198,False,0
ZSCAN12,0.0038386928,False,0
ZSCAN18,0.047614004,True,0
ZSCAN21,0.06206325,False,0
ZSCAN29,0.0721839,True,0
ZSCAN4,0.027767494,False,0
ZSWIM6,0.04265647,False,0
ZXDC,0.020421967,False,0
