Drug ID,Species,BBB,Genes,Num Genes,Mean Mean,Mean STD,Drug Relevance Score
DB01595,Humans,False,"['GABRA1', 'GABRA1', 'GABRA2', 'GABRA2', 'GABRA5', 'GABRA5', 'GABRA6', 'GABRG1', 'GABRG1', 'GABRG2', 'GABRG2', 'GABRG3', 'GABRG3', 'GABRQ']",14,0.39002265364285715,0.08788781198123577,1.0
DB01489,Humans,False,"['GABRA1', 'GABRA1', 'GABRA2', 'GABRA2', 'GABRA5', 'GABRA5', 'GABRA6', 'GABRG1', 'GABRG1', 'GABRG2', 'GABRG2', 'GABRG3', 'GABRG3', 'GABRQ']",14,0.39002265364285715,0.08788781198123577,1.0
DB09166,Humans,False,"['GABRA1', 'GABRA1', 'GABRA2', 'GABRA2', 'GABRA5', 'GABRA5', 'GABRA6', 'GABRG1', 'GABRG1', 'GABRG2', 'GABRG2', 'GABRG3', 'GABRG3', 'GABRQ']",14,0.39002265364285715,0.08788781198123577,1.0
DB01558,Humans,False,"['GABRA1', 'GABRA1', 'GABRA2', 'GABRA2', 'GABRA5', 'GABRA5', 'GABRA6', 'GABRG1', 'GABRG1', 'GABRG2', 'GABRG2', 'GABRG3', 'GABRG3', 'GABRQ']",14,0.39002265364285715,0.08788781198123577,1.0
DB00628,Humans,False,"['GABRA1', 'GABRA1', 'GABRA2', 'GABRA2', 'GABRA5', 'GABRA5', 'GABRA6', 'GABRG1', 'GABRG1', 'GABRG2', 'GABRG2', 'GABRG3', 'GABRG3', 'GABRQ']",14,0.39002265364285715,0.08788781198123577,1.0
DB01553,Humans,False,"['GABRA1', 'GABRA1', 'GABRA2', 'GABRA2', 'GABRA5', 'GABRA5', 'GABRA6', 'GABRG1', 'GABRG1', 'GABRG2', 'GABRG2', 'GABRG3', 'GABRG3', 'GABRQ']",14,0.39002265364285715,0.08788781198123577,1.0
DB14028,Humans,False,"['GABRA1', 'GABRA1', 'GABRA2', 'GABRA2', 'GABRA5', 'GABRA5', 'GABRA6', 'GABRG1', 'GABRG1', 'GABRG2', 'GABRG2', 'GABRG3', 'GABRG3', 'GABRQ']",14,0.39002265364285715,0.08788781198123577,1.0
DB13872,Humans,False,"['GABRA1', 'GABRA1', 'GABRA2', 'GABRA2', 'GABRA5', 'GABRA5', 'GABRA6', 'GABRG1', 'GABRG1', 'GABRG2', 'GABRG2', 'GABRG3', 'GABRG3', 'GABRQ']",14,0.39002265364285715,0.08788781198123577,1.0
DB01594,Humans,False,"['GABRA1', 'GABRA1', 'GABRA2', 'GABRA2', 'GABRA5', 'GABRA5', 'GABRA6', 'GABRG1', 'GABRG1', 'GABRG2', 'GABRG2', 'GABRG3', 'GABRG3', 'GABRQ']",14,0.39002265364285715,0.08788781198123577,1.0
DB01589,Humans,False,"['GABRA1', 'GABRA1', 'GABRA2', 'GABRA2', 'GABRA5', 'GABRA5', 'GABRA6', 'GABRG1', 'GABRG1', 'GABRG2', 'GABRG2', 'GABRG3', 'GABRG3', 'GABRQ']",14,0.39002265364285715,0.08788781198123577,1.0
DB12404,Humans,False,"['GABRA1', 'GABRA1', 'GABRA2', 'GABRA2', 'GABRA5', 'GABRA5', 'GABRA6', 'GABRG1', 'GABRG1', 'GABRG2', 'GABRG2', 'GABRG3', 'GABRG3', 'GABRQ']",14,0.39002265364285715,0.08788781198123577,1.0
DB00842,Humans,False,"['GABRA1', 'GABRA1', 'GABRA2', 'GABRA2', 'GABRA5', 'GABRA5', 'GABRA6', 'GABRG1', 'GABRG1', 'GABRG2', 'GABRG2', 'GABRG3', 'GABRG3', 'GABRQ']",14,0.39002265364285715,0.08788781198123577,1.0
DB00186,Humans,False,"['GABRA1', 'GABRA1', 'GABRA2', 'GABRA2', 'GABRA5', 'GABRA5', 'GABRA6', 'GABRG1', 'GABRG1', 'GABRG2', 'GABRG2', 'GABRG3', 'GABRG3', 'GABRQ']",14,0.39002265364285715,0.08788781198123577,1.0
DB01588,Humans,False,"['GABRA1', 'GABRA1', 'GABRA2', 'GABRA2', 'GABRA5', 'GABRA5', 'GABRA6', 'GABRG1', 'GABRG1', 'GABRG2', 'GABRG2', 'GABRG3', 'GABRG3', 'GABRQ']",14,0.39002265364285715,0.08788781198123577,1.0
DB01587,Humans,False,"['GABRA1', 'GABRA1', 'GABRA2', 'GABRA2', 'GABRA5', 'GABRA5', 'GABRA6', 'GABRG1', 'GABRG1', 'GABRG2', 'GABRG2', 'GABRG3', 'GABRG3', 'GABRQ']",14,0.39002265364285715,0.08788781198123577,1.0
DB00546,Humans,False,"['GABRA1', 'GABRA1', 'GABRA2', 'GABRA2', 'GABRA5', 'GABRA5', 'GABRA6', 'GABRG1', 'GABRG1', 'GABRG2', 'GABRG2', 'GABRG3', 'GABRG3', 'GABRQ']",14,0.39002265364285715,0.08788781198123577,1.0
DB13335,Humans,False,"['GABRA1', 'GABRA1', 'GABRA2', 'GABRA2', 'GABRA5', 'GABRA5', 'GABRA6', 'GABRG1', 'GABRG1', 'GABRG2', 'GABRG2', 'GABRG3', 'GABRG3', 'GABRQ']",14,0.39002265364285715,0.08788781198123577,1.0
DB00349,Humans,False,"['GABRA1', 'GABRA1', 'GABRA2', 'GABRA2', 'GABRA5', 'GABRA5', 'GABRA6', 'GABRG1', 'GABRG1', 'GABRG2', 'GABRG2', 'GABRG3', 'GABRG3', 'GABRQ']",14,0.39002265364285715,0.08788781198123577,1.0
DB01511,Humans,False,"['GABRA1', 'GABRA1', 'GABRA2', 'GABRA2', 'GABRA5', 'GABRA5', 'GABRA6', 'GABRG1', 'GABRG1', 'GABRG2', 'GABRG2', 'GABRG3', 'GABRG3', 'GABRQ']",14,0.39002265364285715,0.08788781198123577,1.0
DB00829,Humans,False,"['GABRA1', 'GABRA1', 'GABRA2', 'GABRA2', 'GABRA5', 'GABRA5', 'GABRA6', 'GABRG1', 'GABRG1', 'GABRG2', 'GABRG2', 'GABRG3', 'GABRG3', 'GABRQ']",14,0.39002265364285715,0.08788781198123577,1.0
DB13837,Humans,False,"['GABRA1', 'GABRA1', 'GABRA2', 'GABRA2', 'GABRA5', 'GABRA5', 'GABRA6', 'GABRG1', 'GABRG1', 'GABRG2', 'GABRG2', 'GABRG3', 'GABRG3', 'GABRQ']",14,0.39002265364285715,0.08788781198123577,1.0
DB00897,Humans,False,"['GABRA1', 'GABRA1', 'GABRA2', 'GABRA2', 'GABRA5', 'GABRA5', 'GABRA6', 'GABRG1', 'GABRG1', 'GABRG2', 'GABRG2', 'GABRG3', 'GABRG3', 'GABRQ']",14,0.39002265364285715,0.08788781198123577,1.0
DB01215,Humans,False,"['GABRA1', 'GABRA1', 'GABRA2', 'GABRA2', 'GABRA5', 'GABRA5', 'GABRA6', 'GABRG1', 'GABRG1', 'GABRG2', 'GABRG2', 'GABRG3', 'GABRG3', 'GABRQ']",14,0.39002265364285715,0.08788781198123577,1.0
DB00404,Humans,False,"['GABRA1', 'GABRA1', 'GABRA2', 'GABRA2', 'GABRA5', 'GABRA5', 'GABRA6', 'GABRG1', 'GABRG1', 'GABRG2', 'GABRG2', 'GABRG3', 'GABRG3', 'GABRQ']",14,0.39002265364285715,0.08788781198123577,1.0
DB13437,Humans,False,"['GABRA1', 'GABRA1', 'GABRA2', 'GABRA2', 'GABRA5', 'GABRA5', 'GABRA6', 'GABRG1', 'GABRG1', 'GABRG2', 'GABRG2', 'GABRG3', 'GABRG3', 'GABRQ']",14,0.39002265364285715,0.08788781198123577,1.0
DB15489,Humans,False,"['GABRA1', 'GABRA1', 'GABRA2', 'GABRA2', 'GABRA5', 'GABRA5', 'GABRA6', 'GABRG1', 'GABRG1', 'GABRG2', 'GABRG2', 'GABRG3', 'GABRG3', 'GABRQ']",14,0.39002265364285715,0.08788781198123577,1.0
DB01545,Humans,False,"['GABRA1', 'GABRA1', 'GABRA2', 'GABRA2', 'GABRA5', 'GABRA5', 'GABRA6', 'GABRG1', 'GABRG1', 'GABRG2', 'GABRG2', 'GABRG3', 'GABRG3', 'GABRQ']",14,0.39002265364285715,0.08788781198123577,1.0
DB00690,Humans,False,"['GABRA1', 'GABRA1', 'GABRA2', 'GABRA2', 'GABRA5', 'GABRA5', 'GABRA6', 'GABRG1', 'GABRG1', 'GABRG2', 'GABRG2', 'GABRG3', 'GABRG3', 'GABRQ']",14,0.39002265364285715,0.08788781198123577,1.0
DB14719,Humans,False,"['GABRA1', 'GABRA1', 'GABRA2', 'GABRA2', 'GABRA5', 'GABRA5', 'GABRA6', 'GABRG1', 'GABRG1', 'GABRG2', 'GABRG2', 'GABRG3', 'GABRG3', 'GABRQ']",14,0.39002265364285715,0.08788781198123577,1.0
DB14715,Humans,False,"['GABRA1', 'GABRA1', 'GABRA2', 'GABRA2', 'GABRA5', 'GABRA5', 'GABRA6', 'GABRG1', 'GABRG1', 'GABRG2', 'GABRG2', 'GABRG3', 'GABRG3', 'GABRQ']",14,0.39002265364285715,0.08788781198123577,1.0
DB14672,Humans,False,"['GABRA1', 'GABRA1', 'GABRA2', 'GABRA2', 'GABRA5', 'GABRA5', 'GABRA6', 'GABRG1', 'GABRG1', 'GABRG2', 'GABRG2', 'GABRG3', 'GABRG3', 'GABRQ']",14,0.39002265364285715,0.08788781198123577,1.0
DB01544,Humans,False,"['GABRA1', 'GABRA1', 'GABRA2', 'GABRA2', 'GABRA5', 'GABRA5', 'GABRA6', 'GABRG1', 'GABRG1', 'GABRG2', 'GABRG2', 'GABRG3', 'GABRG3', 'GABRQ']",14,0.39002265364285715,0.08788781198123577,1.0
DB09017,Humans,False,"['GABRA1', 'GABRA1', 'GABRA2', 'GABRA2', 'GABRA5', 'GABRA5', 'GABRA6', 'GABRG1', 'GABRG1', 'GABRG2', 'GABRG2', 'GABRG3', 'GABRG3', 'GABRQ']",14,0.39002265364285715,0.08788781198123577,1.0
DB00683,Humans,False,"['GABRA1', 'GABRA1', 'GABRA2', 'GABRA2', 'GABRA5', 'GABRA5', 'GABRA6', 'GABRG1', 'GABRG1', 'GABRG2', 'GABRG2', 'GABRG3', 'GABRG3', 'GABRQ']",14,0.39002265364285715,0.08788781198123577,1.0
DB00475,Humans,False,"['GABRA1', 'GABRA1', 'GABRA2', 'GABRA2', 'GABRA5', 'GABRA5', 'GABRA6', 'GABRG1', 'GABRG1', 'GABRG2', 'GABRG2', 'GABRG3', 'GABRG3', 'GABRQ']",14,0.39002265364285715,0.08788781198123577,1.0
DB01068,Humans,False,"['GABRA1', 'GABRA1', 'GABRA2', 'GABRA2', 'GABRA5', 'GABRA5', 'GABRA6', 'GABRG1', 'GABRG1', 'GABRG2', 'GABRG2', 'GABRG3', 'GABRG3', 'GABRQ']",14,0.39002265364285715,0.08788781198123577,1.0
DB01559,Humans,False,"['GABRA1', 'GABRA1', 'GABRA2', 'GABRA2', 'GABRA5', 'GABRA5', 'GABRA6', 'GABRG1', 'GABRG1', 'GABRG2', 'GABRG2', 'GABRG3', 'GABRG3', 'GABRQ']",14,0.39002265364285715,0.08788781198123577,1.0
DB00228,Humans,True,"['CACNA1C', 'CACNA1E', 'CACNA1G', 'CACNA2D1', 'CACNA2D2', 'CACNA2D3', 'CACNG4', 'GABRA1', 'GABRA2', 'GABRA5', 'GABRA6', 'GABRG1', 'GABRG2', 'GABRG3', 'GABRQ']",15,0.37016212357333333,0.10012476528586571,0.9823896014700015
DB00306,Humans,False,"['GABRA1', 'GABRA1', 'GABRA2', 'GABRA2', 'GABRA5', 'GABRA5', 'GABRA6', 'GABRA6', 'GABRG1', 'GABRG2', 'GABRG3', 'GABRQ']",12,0.3834858937666666,0.08736959834840186,0.9103034018981104
DB00241,Humans,False,"['GABRA1', 'GABRA1', 'GABRA2', 'GABRA2', 'GABRA5', 'GABRA5', 'GABRA6', 'GABRA6', 'GABRG1', 'GABRG2', 'GABRG3', 'GABRQ']",12,0.3834858937666666,0.08736959834840186,0.9103034018981104
DB00312,Humans,False,"['GABRA1', 'GABRA1', 'GABRA2', 'GABRA2', 'GABRA5', 'GABRA5', 'GABRA6', 'GABRA6', 'GABRG1', 'GABRG2', 'GABRG3', 'GABRQ']",12,0.3834858937666666,0.08736959834840186,0.9103034018981104
DB00371,Humans,False,"['GABRA1', 'GABRA1', 'GABRA2', 'GABRA2', 'GABRA5', 'GABRA5', 'GABRA6', 'GABRA6', 'GABRG1', 'GABRG2', 'GABRG3', 'GABRQ']",12,0.3834858937666666,0.08736959834840186,0.9103034018981104
DB00794,Humans,True,"['GABRA1', 'GABRA1', 'GABRA2', 'GABRA2', 'GABRA5', 'GABRA5', 'GABRA6', 'GABRA6', 'GABRG1', 'GABRG2', 'GABRG3', 'GABRQ']",12,0.3834858937666666,0.08736959834840186,0.9103034018981104
DB00463,Humans,True,"['GABRA1', 'GABRA1', 'GABRA2', 'GABRA2', 'GABRA5', 'GABRA5', 'GABRA6', 'GABRA6', 'GABRG1', 'GABRG2', 'GABRG3', 'GABRQ']",12,0.3834858937666666,0.08736959834840186,0.9103034018981104
DB06637,Humans,False,"['KCNA1', 'KCNA2', 'KCNB2', 'KCNC1', 'KCNC2', 'KCND2']",6,0.5375183941999999,0.10387413492664473,0.9022255157473771
DB09283,Humans,False,"['PDE10A', 'PDE4B', 'PDE4C', 'PDE8A', 'PDE8B', 'PDE9A']",6,0.5191271657346667,0.1460622000516053,0.8713558082798607
DB09091,Humans,False,"['HDAC2', 'NR3C1']",2,0.7915289539999999,0.11493086619788864,0.7670575572364162
DB01205,Humans,False,"['GABRA1', 'GABRA1', 'GABRA2', 'GABRA5', 'GABRA5', 'GABRA6', 'GABRG1', 'GABRG2', 'GABRG2', 'GABRG3', 'GABRQ']",11,0.3365726331272727,0.08767662132162402,0.764929292525863
DB01028,Humans,True,"['GABRA1', 'GABRA1', 'GABRA2', 'GABRA5', 'GABRA6', 'GABRG1', 'GABRG2', 'GABRG3', 'GABRQ', 'KCNA1']",10,0.35048916844,0.08854187134568976,0.7594877096922974
DB00753,Humans,True,"['GABRA1', 'GABRA1', 'GABRA2', 'GABRA5', 'GABRA6', 'GABRG1', 'GABRG2', 'GABRG3', 'GABRQ', 'KCNA1']",10,0.35048916844,0.08854187134568976,0.7594877096922974
DB01956,Humans,False,"['GABRA1', 'GABRA2', 'GABRA5', 'GABRA6', 'GABRG1', 'GABRG2', 'GABRG3', 'GABRQ', 'GLRA2', 'GLRA3']",10,0.34685055904599993,0.11412656535554544,0.751603074833497
DB06603,Humans,False,"['HDAC1', 'HDAC2', 'HDAC3', 'HDAC9']",4,0.5483960194499999,0.12828269697770428,0.7515717348677201
DB05015,Humans,False,"['HDAC1', 'HDAC2', 'HDAC3', 'HDAC9']",4,0.5483960194499999,0.12828269697770428,0.7515717348677201
DB00402,Humans,False,"['GABRA1', 'GABRA1', 'GABRA2', 'GABRA5', 'GABRA6', 'GABRG1', 'GABRG2', 'GABRG3', 'GABRQ']",9,0.36511942782222223,0.08799077883365038,0.750589260505956
DB01236,Humans,True,"['GABRA1', 'GABRA1', 'GABRA2', 'GABRA5', 'GABRA6', 'GABRG1', 'GABRG2', 'GABRG3', 'GABRQ']",9,0.36511942782222223,0.08799077883365038,0.750589260505956
DB00292,Humans,False,"['GABRA1', 'GABRA1', 'GABRA2', 'GABRA5', 'GABRA6', 'GABRG1', 'GABRG2', 'GABRG3', 'GABRQ']",9,0.36511942782222223,0.08799077883365038,0.750589260505956
DB01107,Humans,True,"['GABRA1', 'GABRA1', 'GABRA2', 'GABRA5', 'GABRA6', 'GABRG1', 'GABRG2', 'GABRG3', 'GABRQ']",9,0.36511942782222223,0.08799077883365038,0.750589260505956
DB01437,Humans,True,"['GABRA1', 'GABRA1', 'GABRA2', 'GABRA5', 'GABRA6', 'GABRG1', 'GABRG2', 'GABRG3', 'GABRQ']",9,0.36511942782222223,0.08799077883365038,0.750589260505956
DB01189,Humans,True,"['ATP2C2', 'GABRA1', 'GABRA2', 'GABRA5', 'GABRA6', 'GABRG1', 'GABRG2', 'GABRG3', 'GABRQ', 'KCNA1']",10,0.3451178519546,0.11386693047482695,0.7478484089011025
DB00273,Humans,False,"['CA2', 'CACNA1C', 'GABRA1', 'GRIK1', 'GRIK2', 'GRIK3', 'SCN1A', 'SCN9A']",8,0.380762927675,0.150328483234445,0.7379820528677002
DB09118,Humans,False,"['GABRA1', 'GABRA2', 'GABRA5', 'GABRA6', 'GABRG1', 'GABRG2', 'GABRG3', 'GABRQ', 'LDHA']",9,0.35849429159999996,0.09249883409297227,0.7369697275015104
DB09089,Humans,False,"['CACNA1C', 'CHRM2', 'KCNMB2', 'KCNMB4', 'KCNN2']",5,0.478148556,0.10104274248022645,0.7326456916095531
DB01159,Humans,True,"['GABRA1', 'GABRA2', 'GABRA5', 'GABRA6', 'GABRG1', 'GABRG2', 'GABRG3', 'GABRQ', 'KCNK9']",9,0.3556809789333333,0.10800876001108607,0.731186298537896
DB00818,Humans,False,"['GABRA1', 'GABRA2', 'GABRA5', 'GABRA6', 'GABRG1', 'GABRG2', 'GABRG3', 'GABRQ']",8,0.36778603279999994,0.09487512300843857,0.7128306664704535
DB11859,Humans,False,"['GABRA1', 'GABRA2', 'GABRA5', 'GABRA6', 'GABRG1', 'GABRG2', 'GABRG3', 'GABRQ']",8,0.36778603279999994,0.09487512300843857,0.7128306664704535
DB00801,Humans,False,"['GABRA1', 'GABRA2', 'GABRA5', 'GABRA6', 'GABRG1', 'GABRG2', 'GABRG3', 'GABRQ']",8,0.36778603279999994,0.09487512300843857,0.7128306664704535
DB11582,Humans,False,"['GABRA1', 'GABRA2', 'GABRA5', 'GABRA6', 'GABRG1', 'GABRG2', 'GABRG3', 'GABRQ']",8,0.36778603279999994,0.09487512300843857,0.7128306664704535
DB00231,Humans,False,"['GABRA1', 'GABRA2', 'GABRA5', 'GABRA6', 'GABRG1', 'GABRG2', 'GABRG3', 'GABRQ']",8,0.36778603279999994,0.09487512300843857,0.7128306664704535
DB13643,Humans,False,"['GABRA1', 'GABRA2', 'GABRA5', 'GABRA6', 'GABRG1', 'GABRG2', 'GABRG3', 'GABRQ']",8,0.36778603279999994,0.09487512300843857,0.7128306664704535
DB00237,Humans,False,"['GABRA1', 'GABRA2', 'GABRA5', 'GABRA6', 'GABRG1', 'GABRG2', 'GABRG3', 'GABRQ']",8,0.36778603279999994,0.09487512300843857,0.7128306664704535
DB00189,Humans,False,"['GABRA1', 'GABRA2', 'GABRA5', 'GABRA6', 'GABRG1', 'GABRG2', 'GABRG3', 'GABRQ']",8,0.36778603279999994,0.09487512300843857,0.7128306664704535
DB06579,Humans,False,"['GABRA1', 'GABRA2', 'GABRA5', 'GABRG1', 'GABRG2', 'GABRG3']",6,0.4196714814333333,0.0785713972782987,0.7044192773052732
DB00675,Humans,False,"['ESR2', 'PRKCA', 'PRKCE', 'PRKCQ']",4,0.5017354307999999,0.0851745543799981,0.6876238243836125
DB11148,Humans,True,"['CACNA1C', 'CACNA1E', 'CACNA1G', 'CACNA2D1', 'CACNA2D2', 'CACNA2D3', 'CACNG4']",7,0.37287765588571425,0.10612435646006814,0.676023088831064
DB01567,Humans,False,"['GABRA1', 'GABRA2', 'GABRA5', 'GABRG1', 'GABRG2', 'GABRG3', 'GABRR3']",7,0.36992017283714285,0.07829262495757268,0.6706612045934267
DB11273,Humans,False,"['ADRA1B', 'HTR1E', 'HTR4', 'HTR7']",4,0.48173188949999995,0.1064415105816132,0.6602091537712744
DB01049,Humans,True,"['ADRA1B', 'HTR1E', 'HTR4', 'HTR7']",4,0.48173188949999995,0.1064415105816132,0.6602091537712744
DB13025,Humans,False,"['ADRA1B', 'HTR1E', 'HTR4', 'HTR7']",4,0.48173188949999995,0.1064415105816132,0.6602091537712744
DB13345,Humans,False,"['ADRA1B', 'HTR1E', 'HTR4', 'HTR7']",4,0.48173188949999995,0.1064415105816132,0.6602091537712744
DB00887,Humans,False,"['SLC12A1', 'SLC12A2', 'SLC12A5']",3,0.5501860746666667,0.07031998878120543,0.6530047957262936
DB00230,Humans,False,['CACNA2D1'],1,0.946616958,0.0624906730884163,0.6486649466318112
DB00996,Humans,True,['CACNA2D1'],1,0.946616958,0.0624906730884163,0.6486649466318112
DB00277,Humans,False,"['HDAC2', 'PDE4B']",2,0.648175036,0.1117241657192938,0.6281356572785413
DB01239,Humans,False,"['HRH1', 'HTR1E', 'HTR4', 'HTR7']",4,0.4569475562,0.10204564833597625,0.6262424513971352
DB00509,Humans,False,"['THRA', 'THRB']",2,0.642239802,0.04589579733440345,0.6223839206292884
DB01583,Humans,False,"['THRA', 'THRB']",2,0.642239802,0.04589579733440345,0.6223839206292884
DB00279,Humans,False,"['THRA', 'THRB']",2,0.642239802,0.04589579733440345,0.6223839206292884
DB00193,Humans,True,"['GRIN2A', 'GRIN2C', 'GRIN2D', 'GRIN3A']",4,0.44641794974999993,0.12138053155423603,0.6118117219490299
DB01043,Humans,True,"['GRIN2A', 'GRIN2C', 'GRIN2D', 'GRIN3A']",4,0.44641794974999993,0.12138053155423603,0.6118117219490299
DB00659,Humans,False,"['GRIN2A', 'GRIN2C', 'GRIN2D', 'GRIN3A']",4,0.44641794974999993,0.12138053155423603,0.6118117219490299
DB00949,Humans,False,['GRIN2A'],1,0.878802844,0.068792574407444,0.6021956347660781
DB00909,Humans,True,"['CACNA1G', 'SCN1A', 'SCN1B', 'SCN3B', 'SCN4B', 'SCN9A']",6,0.3518076114,0.12855364253061258,0.5905096589515333
DB00270,Humans,False,"['CACNA1C', 'CACNA2D1', 'CACNA2D2']",3,0.49750207799999996,0.1292198748307168,0.59047521879688
DB09149,Humans,False,['APP'],1,0.85792404,0.1102512844666582,0.5878885296926487
DB09148,Humans,False,['APP'],1,0.85792404,0.1102512844666582,0.5878885296926487
DB09151,Humans,False,['APP'],1,0.85792404,0.1102512844666582,0.5878885296926487
DB00083,Humans,True,['SNAP25'],1,0.857517762,0.1150847628058107,0.5876101295488941
DB13994,Humans,False,['GABRA2'],1,0.855052702,0.0981895621280542,0.5859209584434847
DB02546,Humans,False,"['HDAC1', 'HDAC2', 'HDAC3']",3,0.49282306993333336,0.13261555760300028,0.5849217981498263
DB00333,Humans,True,"['CHRNA7', 'GRIN2A', 'GRIN2C', 'GRIN2D', 'GRIN3A']",5,0.38143908435999996,0.12283867991319745,0.58446208455735
DB01346,Humans,False,"['GABRA1', 'GABRA2']",2,0.599419645,0.06555279378169951,0.5808876179824748
DB00443,Humans,False,['NR3C1'],1,0.8367900859999999,0.0763764194209867,0.5734065842471614
DB01222,Humans,False,['NR3C1'],1,0.8367900859999999,0.0763764194209867,0.5734065842471614
DB06781,Humans,False,['NR3C1'],1,0.8367900859999999,0.0763764194209867,0.5734065842471614
DB01234,Humans,False,['NR3C1'],1,0.8367900859999999,0.0763764194209867,0.5734065842471614
DB01130,Humans,False,['NR3C1'],1,0.8367900859999999,0.0763764194209867,0.5734065842471614
DB01260,Humans,False,['NR3C1'],1,0.8367900859999999,0.0763764194209867,0.5734065842471614
DB00769,Humans,False,['NR3C1'],1,0.8367900859999999,0.0763764194209867,0.5734065842471614
DB00663,Humans,False,['NR3C1'],1,0.8367900859999999,0.0763764194209867,0.5734065842471614
DB00764,Humans,False,['NR3C1'],1,0.8367900859999999,0.0763764194209867,0.5734065842471614
DB00635,Humans,False,['NR3C1'],1,0.8367900859999999,0.0763764194209867,0.5734065842471614
DB00620,Humans,False,['NR3C1'],1,0.8367900859999999,0.0763764194209867,0.5734065842471614
DB01380,Humans,False,['NR3C1'],1,0.8367900859999999,0.0763764194209867,0.5734065842471614
DB01384,Humans,False,['NR3C1'],1,0.8367900859999999,0.0763764194209867,0.5734065842471614
DB00741,Humans,False,['NR3C1'],1,0.8367900859999999,0.0763764194209867,0.5734065842471614
DB01410,Humans,False,['NR3C1'],1,0.8367900859999999,0.0763764194209867,0.5734065842471614
DB00596,Humans,False,['NR3C1'],1,0.8367900859999999,0.0763764194209867,0.5734065842471614
DB00547,Humans,False,['NR3C1'],1,0.8367900859999999,0.0763764194209867,0.5734065842471614
DB00588,Humans,False,['NR3C1'],1,0.8367900859999999,0.0763764194209867,0.5734065842471614
DB01047,Humans,False,['NR3C1'],1,0.8367900859999999,0.0763764194209867,0.5734065842471614
DB00896,Humans,False,['NR3C1'],1,0.8367900859999999,0.0763764194209867,0.5734065842471614
DB00959,Humans,False,['NR3C1'],1,0.8367900859999999,0.0763764194209867,0.5734065842471614
DB09095,Humans,False,['NR3C1'],1,0.8367900859999999,0.0763764194209867,0.5734065842471614
DB00288,Humans,False,['NR3C1'],1,0.8367900859999999,0.0763764194209867,0.5734065842471614
DB01013,Humans,False,['NR3C1'],1,0.8367900859999999,0.0763764194209867,0.5734065842471614
DB13158,Humans,False,['NR3C1'],1,0.8367900859999999,0.0763764194209867,0.5734065842471614
DB00253,Humans,False,['NR3C1'],1,0.8367900859999999,0.0763764194209867,0.5734065842471614
DB00240,Humans,False,['NR3C1'],1,0.8367900859999999,0.0763764194209867,0.5734065842471614
DB00223,Humans,False,['NR3C1'],1,0.8367900859999999,0.0763764194209867,0.5734065842471614
DB13867,Humans,False,['NR3C1'],1,0.8367900859999999,0.0763764194209867,0.5734065842471614
DB00180,Humans,False,['NR3C1'],1,0.8367900859999999,0.0763764194209867,0.5734065842471614
DB00834,Humans,False,['NR3C1'],1,0.8367900859999999,0.0763764194209867,0.5734065842471614
DB00838,Humans,False,['NR3C1'],1,0.8367900859999999,0.0763764194209867,0.5734065842471614
DB14512,Humans,False,['NR3C1'],1,0.8367900859999999,0.0763764194209867,0.5734065842471614
DB14538,Humans,False,['NR3C1'],1,0.8367900859999999,0.0763764194209867,0.5734065842471614
DB14539,Humans,False,['NR3C1'],1,0.8367900859999999,0.0763764194209867,0.5734065842471614
DB14540,Humans,False,['NR3C1'],1,0.8367900859999999,0.0763764194209867,0.5734065842471614
DB14541,Humans,False,['NR3C1'],1,0.8367900859999999,0.0763764194209867,0.5734065842471614
DB14542,Humans,False,['NR3C1'],1,0.8367900859999999,0.0763764194209867,0.5734065842471614
DB14543,Humans,False,['NR3C1'],1,0.8367900859999999,0.0763764194209867,0.5734065842471614
DB14544,Humans,False,['NR3C1'],1,0.8367900859999999,0.0763764194209867,0.5734065842471614
DB14596,Humans,False,['NR3C1'],1,0.8367900859999999,0.0763764194209867,0.5734065842471614
DB14649,Humans,False,['NR3C1'],1,0.8367900859999999,0.0763764194209867,0.5734065842471614
DB00846,Humans,False,['NR3C1'],1,0.8367900859999999,0.0763764194209867,0.5734065842471614
DB15566,Humans,False,['NR3C1'],1,0.8367900859999999,0.0763764194209867,0.5734065842471614
DB00860,Humans,False,['NR3C1'],1,0.8367900859999999,0.0763764194209867,0.5734065842471614
DB00324,Humans,False,['NR3C1'],1,0.8367900859999999,0.0763764194209867,0.5734065842471614
DB08906,Humans,False,['NR3C1'],1,0.8367900859999999,0.0763764194209867,0.5734065842471614
DB08867,Humans,False,['NR3C1'],1,0.8367900859999999,0.0763764194209867,0.5734065842471614
DB00394,Humans,False,['NR3C1'],1,0.8367900859999999,0.0763764194209867,0.5734065842471614
DB00412,Humans,False,['PPARG'],1,0.8364402739999999,0.1066569832672471,0.5731668771719884
DB11133,Humans,True,['PPARG'],1,0.8364402739999999,0.1066569832672471,0.5731668771719884
DB09198,Humans,False,['PPARG'],1,0.8364402739999999,0.1066569832672471,0.5731668771719884
DB01132,Humans,False,['PPARG'],1,0.8364402739999999,0.1066569832672471,0.5731668771719884
DB00197,Humans,False,['PPARG'],1,0.8364402739999999,0.1066569832672471,0.5731668771719884
DB00966,Humans,False,['PPARG'],1,0.8364402739999999,0.1066569832672471,0.5731668771719884
DB05490,Humans,False,['PPARG'],1,0.8364402739999999,0.1066569832672471,0.5731668771719884
DB01354,Humans,False,"['GABRA1', 'GABRA2', 'GABRA5', 'GABRA6']",4,0.41488561569999993,0.0723585490283284,0.5685969461923511
DB01353,Humans,True,"['GABRA1', 'GABRA2', 'GABRA5', 'GABRA6']",4,0.41488561569999993,0.0723585490283284,0.5685969461923511
DB01352,Humans,False,"['GABRA1', 'GABRA2', 'GABRA5', 'GABRA6']",4,0.41488561569999993,0.0723585490283284,0.5685969461923511
DB01351,Humans,True,"['GABRA1', 'GABRA2', 'GABRA5', 'GABRA6']",4,0.41488561569999993,0.0723585490283284,0.5685969461923511
DB00599,Humans,False,"['GABRA1', 'GABRA2', 'GABRA5', 'GABRA6']",4,0.41488561569999993,0.0723585490283284,0.5685969461923511
DB01483,Humans,True,"['GABRA1', 'GABRA2', 'GABRA5', 'GABRA6']",4,0.41488561569999993,0.0723585490283284,0.5685969461923511
DB01496,Humans,False,"['GABRA1', 'GABRA2', 'GABRA5', 'GABRA6']",4,0.41488561569999993,0.0723585490283284,0.5685969461923511
DB00418,Humans,False,"['GABRA1', 'GABRA2', 'GABRA5', 'GABRA6']",4,0.41488561569999993,0.0723585490283284,0.5685969461923511
DB01355,Humans,False,"['GABRA1', 'GABRA2', 'GABRA5', 'GABRA6']",4,0.41488561569999993,0.0723585490283284,0.5685969461923511
DB00849,Humans,True,"['GABRA1', 'GABRA2', 'GABRA5', 'GABRA6']",4,0.41488561569999993,0.0723585490283284,0.5685969461923511
DB01198,Humans,False,"['GABRA1', 'GABRA2', 'GABRA5']",3,0.4769379346666667,0.05938201160638984,0.5660680503224593
DB01023,Humans,False,"['CACNA1C', 'CACNA2D1']",2,0.582300502,0.07242745570052485,0.5642977409537175
DB00401,Humans,False,"['CACNA1C', 'CACNA2D1']",2,0.582300502,0.07242745570052485,0.5642977409537175
DB01054,Humans,False,"['CACNA1C', 'CACNA2D1']",2,0.582300502,0.07242745570052485,0.5642977409537175
DB06712,Humans,False,"['CACNA1C', 'CACNA2D1']",2,0.582300502,0.07242745570052485,0.5642977409537175
DB00622,Humans,False,"['CACNA1C', 'CACNA2D1']",2,0.582300502,0.07242745570052485,0.5642977409537175
DB00451,Humans,False,"['ITGAV', 'THRA', 'THRB']",3,0.47286415893333333,0.06340517873375844,0.561232967769358
DB09046,Humans,True,['LEPR'],1,0.8185097459999999,0.1091597078614498,0.5608800647607954
DB05541,Humans,False,"['SCN1A', 'SCN1B', 'SCN3B', 'SCN4B', 'SCN9A', 'SV2A']",6,0.3292851994,0.12922817480319287,0.5527057530725205
DB01520,Humans,False,"['GRIN2A', 'GRIN2C', 'GRIN3A']",3,0.4655341083333333,0.10643429198545667,0.552533078013667
DB06733,Humans,False,['ATP6V1A'],1,0.78412935,0.0897388637963973,0.5373210554402372
DB06734,Humans,False,['ATP6V1A'],1,0.78412935,0.0897388637963973,0.5373210554402372
DB00523,Humans,False,"['RARA', 'RARB', 'RARG', 'RXRA', 'RXRB', 'RXRG']",6,0.31671563909999995,0.09284042433369201,0.5316077252715115
DB00459,Humans,False,"['RARA', 'RARB', 'RARG', 'RXRA', 'RXRB', 'RXRG']",6,0.31671563909999995,0.09284042433369201,0.5316077252715115
DB00926,Humans,False,"['RARA', 'RARB', 'RARG', 'RXRA', 'RXRB', 'RXRG']",6,0.31671563909999995,0.09284042433369201,0.5316077252715115
DB03756,Humans,False,"['PPARA', 'PPARG', 'RXRA', 'RXRB', 'RXRG']",5,0.3430081276,0.11696961204445397,0.5255760447663044
DB00799,Humans,False,"['RARA', 'RARB', 'RARG', 'RXRB']",4,0.3818501725,0.07176488502310455,0.5233221730770227
DB00907,Humans,False,"['SCN1A', 'SCN1B', 'SCN3B', 'SCN4B', 'SCN9A']",5,0.33864045288,0.14722321697410579,0.5188836517311156
DB13269,Humans,False,"['SCN1A', 'SCN1B', 'SCN3B', 'SCN4B', 'SCN9A']",5,0.33864045288,0.14722321697410579,0.5188836517311156
DB00214,Humans,False,"['SLC12A1', 'SLC12A2']",2,0.5328198369999999,0.09781777784532986,0.5163468506754403
DB01223,Humans,False,['HDAC2'],1,0.746267822,0.1534853129747906,0.5113766163173552
DB01303,Humans,False,['HDAC2'],1,0.746267822,0.1534853129747906,0.5113766163173552
DB13751,Humans,False,"['LPL', 'NFKB1', 'NFKB2']",3,0.42403217826666667,0.0818920344761732,0.5032752712219378
DB01278,Humans,False,['CALCR'],1,0.731215008,0.0899639056159097,0.5010617442802027
DB01233,Humans,False,['HTR4'],1,0.727367432,0.1387550206479467,0.4984252104006756
DB06480,Humans,False,['HTR4'],1,0.727367432,0.1387550206479467,0.4984252104006756
DB01079,Humans,False,['HTR4'],1,0.727367432,0.1387550206479467,0.4984252104006756
DB00604,Humans,False,['HTR4'],1,0.727367432,0.1387550206479467,0.4984252104006756
DB01393,Humans,False,"['PPARA', 'PPARG']",2,0.5132505407,0.1327476309103116,0.4973825707955237
DB08915,Humans,False,"['PPARA', 'PPARG']",2,0.5132505407,0.1327476309103116,0.4973825707955237
DB01325,Humans,False,"['CA2', 'SLC12A1', 'SLC12A2']",3,0.4148794036666666,0.1085621613630098,0.49241202697930053
DB00313,Humans,True,['HDAC9'],1,0.715114868,0.1152841151018162,0.4900291968853939
DB00255,Humans,False,"['ESR2', 'ESRRG']",2,0.49569621299999994,0.1060038095457727,0.4803709635050473
DB00591,Humans,False,"['ANXA4', 'NR3C1']",2,0.4933965735,0.0979211564576159,0.4781424210765232
DB12887,Humans,False,['EZH2'],1,0.69615647,0.0908351688240133,0.477038041251676
DB14581,Humans,False,['EZH2'],1,0.69615647,0.0908351688240133,0.477038041251676
DB05266,Humans,False,"['PDE4B', 'PDE4C']",2,0.485039949,0.13363517928747884,0.470044155127667
DB00651,Humans,False,"['PDE4B', 'PDE4C']",2,0.485039949,0.13363517928747884,0.470044155127667
DB01427,Humans,False,"['PDE4B', 'PDE4C']",2,0.485039949,0.13363517928747884,0.470044155127667
DB00486,Humans,False,['CNR1'],1,0.678538526,0.1689187983434704,0.4649654255987011
DB11755,Humans,False,['CNR1'],1,0.678538526,0.1689187983434704,0.4649654255987011
DB14009,Humans,True,['CNR1'],1,0.678538526,0.1689187983434704,0.4649654255987011
DB14011,Humans,False,['CNR1'],1,0.678538526,0.1689187983434704,0.4649654255987011
DB09061,Humans,False,['CNR1'],1,0.678538526,0.1689187983434704,0.4649654255987011
DB00470,Humans,False,['CNR1'],1,0.678538526,0.1689187983434704,0.4649654255987011
DB06155,Humans,False,['CNR1'],1,0.678538526,0.1689187983434704,0.4649654255987011
DB01041,Humans,False,['NFKB1'],1,0.677788052,0.066926583335925,0.46445116671812176
DB12001,Humans,False,['CDK6'],1,0.665088934,0.1422742452460605,0.45574915411405315
DB15442,Humans,False,['CDK6'],1,0.665088934,0.1422742452460605,0.45574915411405315
DB11730,Humans,False,['CDK6'],1,0.665088934,0.1422742452460605,0.45574915411405315
DB09073,Humans,False,['CDK6'],1,0.665088934,0.1422742452460605,0.45574915411405315
DB08814,Humans,False,"['NFKB1', 'PDE10A', 'PTGS1']",3,0.38307391332,0.08283114820686772,0.45466272963588317
DB00131,Humans,False,"['PRKAA2', 'PRKAG2']",2,0.4676482541,0.0773853862872407,0.45319015258135575
DB05829,Humans,True,['PTH2R'],1,0.658771208,0.0825168355755489,0.45141996122986605
DB00555,Humans,True,"['CACNA1E', 'SCN1A', 'SCN9A']",3,0.37646054013333335,0.17301006060984295,0.44681344990004573
DB00210,Humans,False,"['JUN', 'RARB', 'RARG', 'RXRA', 'RXRB', 'RXRG', 'TLR2']",7,0.24385609826514285,0.08564845861961408,0.4421084239759865
DB00940,Humans,False,['HRH2'],1,0.6442521300000001,0.1041352981809818,0.44147082934878157
DB08806,Humans,False,['HRH2'],1,0.6442521300000001,0.1041352981809818,0.44147082934878157
DB08805,Humans,False,['HRH2'],1,0.6442521300000001,0.1041352981809818,0.44147082934878157
DB00927,Humans,False,['HRH2'],1,0.6442521300000001,0.1041352981809818,0.44147082934878157
DB00501,Humans,False,['HRH2'],1,0.6442521300000001,0.1041352981809818,0.44147082934878157
DB00272,Humans,False,['HRH2'],1,0.6442521300000001,0.1041352981809818,0.44147082934878157
DB00585,Humans,False,['HRH2'],1,0.6442521300000001,0.1041352981809818,0.44147082934878157
DB00863,Humans,False,['HRH2'],1,0.6442521300000001,0.1041352981809818,0.44147082934878157
DB16690,Humans,False,"['ATP1A1', 'ATP1A2', 'ATP1A3', 'ATP1B1', 'ATP1B2']",5,0.28427978855999997,0.08023211221706186,0.4355892320213525
DB00564,Humans,False,"['SCN1A', 'SCN9A']",2,0.4461576682,0.23561761242483675,0.432363982874324
DB09345,Humans,False,"['SCN1A', 'SCN9A']",2,0.4461576682,0.23561761242483675,0.432363982874324
DB09342,Humans,False,"['SCN1A', 'SCN9A']",2,0.4461576682,0.23561761242483675,0.432363982874324
DB09088,Humans,False,"['SCN1A', 'SCN9A']",2,0.4461576682,0.23561761242483675,0.432363982874324
DB09085,Humans,False,"['SCN1A', 'SCN9A']",2,0.4461576682,0.23561761242483675,0.432363982874324
DB14059,Humans,False,"['NFKB1', 'NFKB2', 'RELA']",3,0.3630194522666667,0.10166062463801623,0.4308604928172452
DB06176,Humans,False,"['HDAC1', 'HDAC2']",2,0.4252499089,0.13089987276571205,0.412102620741076
DB00152,Humans,False,['TPK1'],1,0.599943518,0.114820633021025,0.4111085553630775
DB00159,Humans,False,"['FABP7', 'PPARG', 'PTGS1', 'PTGS2']",4,0.2946936699399999,0.08706314987045588,0.40387498252352794
DB16353,Humans,False,['PTPRB'],1,0.583256538,0.1739339889672197,0.3996738785387626
DB16733,Humans,False,['KCNN2'],1,0.582652112,0.1230312325306857,0.3992596983830835
DB13952,Humans,False,['ESR2'],1,0.5788331199999999,0.094710114002401,0.396642751558994
DB13956,Humans,False,['ESR2'],1,0.5788331199999999,0.094710114002401,0.396642751558994
DB13953,Humans,False,['ESR2'],1,0.5788331199999999,0.094710114002401,0.396642751558994
DB06202,Humans,False,['ESR2'],1,0.5788331199999999,0.094710114002401,0.396642751558994
DB01108,Humans,False,['ESR2'],1,0.5788331199999999,0.094710114002401,0.396642751558994
DB00481,Humans,False,['ESR2'],1,0.5788331199999999,0.094710114002401,0.396642751558994
DB13954,Humans,False,['ESR2'],1,0.5788331199999999,0.094710114002401,0.396642751558994
DB00286,Humans,True,['ESR2'],1,0.5788331199999999,0.094710114002401,0.396642751558994
DB13955,Humans,False,['ESR2'],1,0.5788331199999999,0.094710114002401,0.396642751558994
DB00783,Humans,False,['ESR2'],1,0.5788331199999999,0.094710114002401,0.396642751558994
DB01196,Humans,False,"['ESR2', 'MAP1A']",2,0.4086940479999999,0.06462653247616335,0.39605861103590484
DB01103,Humans,False,['PLCL1'],1,0.568834124,0.0979412291987653,0.38979098522214833
DB04942,Humans,False,"['RARA', 'RARB']",2,0.39795207599999993,0.0833082572577885,0.38564874445985287
DB01142,Humans,False,"['HRH1', 'HRH2']",2,0.39369154740000006,0.0889307852059078,0.3815199369867509
DB00751,Humans,False,"['HRH1', 'HRH2']",2,0.39369154740000006,0.0889307852059078,0.3815199369867509
DB01014,Humans,False,"['ALOX5', 'PPARG', 'PTGS1', 'PTGS2']",4,0.27742418173999994,0.07875500039939082,0.3802073067082133
DB00795,Humans,False,"['ALOX5', 'PPARG', 'PTGS1', 'PTGS2']",4,0.27742418173999994,0.07875500039939082,0.3802073067082133
DB00244,Humans,False,"['ALOX5', 'PPARG', 'PTGS1', 'PTGS2']",4,0.27742418173999994,0.07875500039939082,0.3802073067082133
DB00824,Humans,False,['PDE4B'],1,0.55008225,0.069963018463797,0.3769413492160961
DB01113,Humans,False,['PDE4B'],1,0.55008225,0.069963018463797,0.3769413492160961
DB03849,Humans,False,['PDE4B'],1,0.55008225,0.069963018463797,0.3769413492160961
DB05381,Humans,False,"['HRH1', 'HRH2', 'HRH3']",3,0.31544742133333337,0.07516366710918791,0.37439820528892676
DB00042,Humans,True,"['SYT2', 'VAMP1', 'VAMP2']",3,0.3131316493333333,0.10221612881112757,0.37164966203885463
DB00898,Humans,True,"['GABRA1', 'GLRA2', 'GRIN3A']",3,0.31048386468666667,0.14508903009582852,0.36850705965043307
DB00421,Humans,False,['NR3C2'],1,0.5302587514,0.4017729726604093,0.3633573873477257
DB00396,Humans,False,['NR3C2'],1,0.5302587514,0.4017729726604093,0.3633573873477257
DB00700,Humans,False,['NR3C2'],1,0.5302587514,0.4017729726604093,0.3633573873477257
DB00687,Humans,False,['NR3C2'],1,0.5302587514,0.4017729726604093,0.3633573873477257
DB01395,Humans,False,['NR3C2'],1,0.5302587514,0.4017729726604093,0.3633573873477257
DB16165,Humans,False,['NR3C2'],1,0.5302587514,0.4017729726604093,0.3633573873477257
DB01134,Humans,False,['NR3C2'],1,0.5302587514,0.4017729726604093,0.3633573873477257
DB00755,Humans,False,"['RARG', 'RXRB', 'RXRG']",3,0.29658981619999997,0.09113473269801424,0.3520164927102504
DB00281,Humans,False,['SCN9A'],1,0.5093529680000001,0.1701456586045442,0.3490317947636795
DB01254,Humans,False,"['ABL1', 'YES1']",2,0.3590787302999999,0.1764487180474833,0.3479772310634538
DB09401,Humans,False,['GUCY1A1'],1,0.504257674,0.1115323388054889,0.3455402678238215
DB12500,Humans,False,"['FLT3', 'JAK2']",2,0.34942512594999997,0.2968200698589953,0.33862208349264517
DB00903,Humans,False,"['ATP1A1', 'SLC12A1']",2,0.347101024,0.08298535042049535,0.33636983491029526
DB14723,Humans,False,"['NTRK2', 'NTRK3']",2,0.3468907111999999,0.0706272409715784,0.33616602427038333
DB00786,Humans,False,"['MMP16', 'MMP3']",2,0.34687769235,0.12860602978010865,0.33615340791917026
DB00390,Humans,False,['ATP1A1'],1,0.486348666,0.0460284115939359,0.33326820189433215
DB01188,Humans,False,['ATP1A1'],1,0.486348666,0.0460284115939359,0.33326820189433215
DB00511,Humans,False,['ATP1A1'],1,0.486348666,0.0460284115939359,0.33326820189433215
DB01158,Humans,False,['ATP1A1'],1,0.486348666,0.0460284115939359,0.33326820189433215
DB01396,Humans,False,['ATP1A1'],1,0.486348666,0.0460284115939359,0.33326820189433215
DB01430,Humans,False,['ATP1A1'],1,0.486348666,0.0460284115939359,0.33326820189433215
DB01092,Humans,False,['ATP1A1'],1,0.486348666,0.0460284115939359,0.33326820189433215
DB01021,Humans,False,['ATP1A1'],1,0.486348666,0.0460284115939359,0.33326820189433215
DB01078,Humans,False,['ATP1A1'],1,0.486348666,0.0460284115939359,0.33326820189433215
DB09288,Humans,False,"['CNR1', 'PTGS1', 'PTGS2']",3,0.27827360698666664,0.0981693006707852,0.33027735206936965
DB08865,Humans,False,"['ALK', 'MET']",2,0.33574271499999997,0.13134762813728945,0.32536268638863
DB04841,Humans,False,"['CACNA1G', 'CALM1']",2,0.33303384499999994,0.051212757120889296,0.32273756548235033
DB01173,Humans,False,"['GRIN2D', 'GRIN3A', 'HRH1']",3,0.2692603669333333,0.11742053917547844,0.31957971857614664
DB00364,Humans,False,"['EGF', 'FGF2']",2,0.3295655099,0.21255894902793315,0.3193764595669712
DB01169,Humans,False,"['CCND1', 'JUN', 'MAPK3']",3,0.2660482286666666,0.08582808189596818,0.31576729621714733
DB12323,Humans,False,['ABL1'],1,0.4546923739999999,0.1878734721760267,0.3115758723969547
DB12597,Humans,False,['ABL1'],1,0.4546923739999999,0.1878734721760267,0.3115758723969547
DB04868,Humans,False,['ABL1'],1,0.4546923739999999,0.1878734721760267,0.3115758723969547
DB08901,Humans,False,['ABL1'],1,0.4546923739999999,0.1878734721760267,0.3115758723969547
DB06616,Humans,False,['ABL1'],1,0.4546923739999999,0.1878734721760267,0.3115758723969547
DB04855,Humans,False,"['ADRA1B', 'CACNA1C', 'KCNK2']",3,0.2612378146666666,0.07501040639655636,0.3100579125084956
DB12141,Humans,False,"['ALK', 'FLT3']",2,0.31938311249999995,0.16457628191310592,0.3095088674378594
DB00568,Humans,False,"['CACNA1C', 'CACNA1G', 'HRH1']",3,0.25958613826666666,0.06376542695220457,0.30809757098069274
DB09231,Humans,False,"['CACNA1C', 'CACNA1G']",2,0.317813725,0.05878500431288995,0.30798800008863125
DB01388,Humans,False,"['CACNA1C', 'CACNA1G']",2,0.317813725,0.05878500431288995,0.30798800008863125
DB09238,Humans,False,"['CACNA1C', 'CACNA1G']",2,0.317813725,0.05878500431288995,0.30798800008863125
DB00174,Humans,False,['SLC38A2'],1,0.438292158,0.0335157176526651,0.3003376992937954
DB00975,Humans,False,['PDE10A'],1,0.436480168,0.1233740255704973,0.29909604142287505
DB09167,Humans,False,"['ADRA1B', 'CHRM2', 'HRH1']",3,0.24901154160000002,0.0837249318782302,0.29554679469943523
DB00252,Humans,True,"['CACNA1C', 'SCN1A']",2,0.3004732072,0.19172690227888134,0.29118359241956876
DB08896,Humans,False,"['ABL1', 'FLT1', 'KDR', 'KIT', 'PDGFRB']",5,0.18869403606199994,0.10616608167988295,0.28912744965654963
DB05246,Humans,True,['CACNA1G'],1,0.417643404,0.0352057703131465,0.2861882349320726
DB00593,Humans,True,['CACNA1G'],1,0.417643404,0.0352057703131465,0.2861882349320726
DB00347,Humans,False,['CACNA1G'],1,0.417643404,0.0352057703131465,0.2861882349320726
DB12808,Humans,False,['RARG'],1,0.415850126,0.0710732330849285,0.284959399373682
DB12278,Humans,False,"['CACNA1C', 'CHRM2']",2,0.289809704,0.0842515202515543,0.28084976865375527
DB09568,Humans,True,['LPL'],1,0.4067282719999999,0.0607561767672746,0.27870869058583747
DB06439,Humans,True,['LPL'],1,0.4067282719999999,0.0607561767672746,0.27870869058583747
DB00411,Humans,False,"['CHRM2', 'CHRNA2']",2,0.28309521699999995,0.06950583516741281,0.2743428708703095
DB00728,Humans,False,"['CHRM2', 'CHRNA2']",2,0.28309521699999995,0.06950583516741281,0.2743428708703095
DB11718,Humans,False,['CCND1'],1,0.4001054579999999,0.1580935620286992,0.2741704375431929
DB00307,Humans,False,"['RXRA', 'RXRB', 'RXRG']",3,0.22951318553333333,0.10645093280054886,0.2724045877142324
DB11791,Humans,False,['MET'],1,0.386304398,0.1513322817726509,0.2647133242169362
DB15133,Humans,False,['MET'],1,0.386304398,0.1513322817726509,0.2647133242169362
DB01121,Humans,False,['SCN1A'],1,0.3829623684,0.3010895662451293,0.26242321369883803
DB01438,Humans,False,['SCN1A'],1,0.3829623684,0.3010895662451293,0.26242321369883803
DB04930,Humans,False,['SCN1A'],1,0.3829623684,0.3010895662451293,0.26242321369883803
DB16695,Humans,True,"['EGFR', 'MET']",2,0.26998273219999996,0.17283596122261854,0.26163577972833774
DB00398,Humans,False,"['FLT1', 'FLT3', 'KDR', 'KIT', 'PDGFRB']",5,0.16847259986199994,0.11214930510953439,0.2581430454913984
DB06595,Humans,False,"['FLT3', 'KDR', 'PDGFRB', 'PRKCA']",4,0.18265666283749996,0.12191613506071988,0.25032928778660574
DB00986,Humans,False,['CHRM2'],1,0.361635362,0.0861388021904752,0.24780897997805118
DB00785,Humans,True,['CHRM2'],1,0.361635362,0.0861388021904752,0.24780897997805118
DB04834,Humans,False,['CHRM2'],1,0.361635362,0.0861388021904752,0.24780897997805118
DB09076,Humans,False,['CHRM2'],1,0.361635362,0.0861388021904752,0.24780897997805118
DB00383,Humans,False,['CHRM2'],1,0.361635362,0.0861388021904752,0.24780897997805118
DB01148,Humans,False,['CHRM2'],1,0.361635362,0.0861388021904752,0.24780897997805118
DB00462,Humans,False,['CHRM2'],1,0.361635362,0.0861388021904752,0.24780897997805118
DB00508,Humans,False,['CHRM2'],1,0.361635362,0.0861388021904752,0.24780897997805118
DB00332,Humans,False,['CHRM2'],1,0.361635362,0.0861388021904752,0.24780897997805118
DB00483,Humans,False,['CHRM2'],1,0.361635362,0.0861388021904752,0.24780897997805118
DB06709,Humans,False,['CHRM2'],1,0.361635362,0.0861388021904752,0.24780897997805118
DB00725,Humans,False,['CHRM2'],1,0.361635362,0.0861388021904752,0.24780897997805118
DB00387,Humans,False,['CHRM2'],1,0.361635362,0.0861388021904752,0.24780897997805118
DB11181,Humans,False,['CHRM2'],1,0.361635362,0.0861388021904752,0.24780897997805118
DB00340,Humans,False,['CHRM2'],1,0.361635362,0.0861388021904752,0.24780897997805118
DB00505,Humans,False,['CHRM2'],1,0.361635362,0.0861388021904752,0.24780897997805118
DB00747,Humans,False,['CHRM2'],1,0.361635362,0.0861388021904752,0.24780897997805118
DB01085,Humans,False,['CHRM2'],1,0.361635362,0.0861388021904752,0.24780897997805118
DB00572,Humans,False,['CHRM2'],1,0.361635362,0.0861388021904752,0.24780897997805118
DB11855,Humans,False,['CHRM2'],1,0.361635362,0.0861388021904752,0.24780897997805118
DB01062,Humans,False,['CHRM2'],1,0.361635362,0.0861388021904752,0.24780897997805118
DB01036,Humans,False,['CHRM2'],1,0.361635362,0.0861388021904752,0.24780897997805118
DB00517,Humans,False,['CHRM2'],1,0.361635362,0.0861388021904752,0.24780897997805118
DB00424,Humans,False,['CHRM2'],1,0.361635362,0.0861388021904752,0.24780897997805118
DB00809,Humans,False,['CHRM2'],1,0.361635362,0.0861388021904752,0.24780897997805118
DB08897,Humans,False,['CHRM2'],1,0.361635362,0.0861388021904752,0.24780897997805118
DB01231,Humans,False,['CHRM2'],1,0.361635362,0.0861388021904752,0.24780897997805118
DB09262,Humans,False,['CHRM2'],1,0.361635362,0.0861388021904752,0.24780897997805118
DB13581,Humans,False,['CHRM2'],1,0.361635362,0.0861388021904752,0.24780897997805118
DB00767,Humans,False,"['CHRM2', 'HRH1']",2,0.2523831634,0.0799325372106545,0.24458033003957974
DB08801,Humans,False,"['CHRM2', 'HRH1']",2,0.2523831634,0.0799325372106545,0.24458033003957974
DB12688,Humans,True,"['CD22', 'EEF2']",2,0.248644949,0.07997466614840204,0.24095768857889857
DB01268,Humans,False,"['CSF1R', 'FLT1', 'FLT3', 'KDR', 'KIT', 'PDGFRB']",6,0.1430545000917333,0.0990164350060619,0.24011721555564822
DB00906,Humans,False,['SLC6A1'],1,0.349869652,0.1302148118398174,0.23974658094247908
DB08877,Humans,False,['JAK2'],1,0.3452650589,0.3758505503937068,0.23659130455298436
DB11817,Humans,False,['JAK2'],1,0.3452650589,0.3758505503937068,0.23659130455298436
DB08895,Humans,False,['JAK2'],1,0.3452650589,0.3758505503937068,0.23659130455298436
DB00466,Humans,False,['GABRA1'],1,0.343786588,0.0329160254353448,0.2355781891219325
DB00474,Humans,False,['GABRA1'],1,0.343786588,0.0329160254353448,0.2355781891219325
DB00962,Humans,False,['GABRA1'],1,0.343786588,0.0329160254353448,0.2355781891219325
DB00425,Humans,False,['GABRA1'],1,0.343786588,0.0329160254353448,0.2355781891219325
DB00837,Humans,False,['GABRA1'],1,0.343786588,0.0329160254353448,0.2355781891219325
DB01341,Humans,True,['GABRA1'],1,0.343786588,0.0329160254353448,0.2355781891219325
DB01154,Humans,False,['GABRA1'],1,0.343786588,0.0329160254353448,0.2355781891219325
DB01174,Humans,True,['GABRA1'],1,0.343786588,0.0329160254353448,0.2355781891219325
DB00346,Humans,False,"['ADRA1B', 'ADRA1B']",2,0.242268298,0.0913097212133816,0.23477818204955286
DB00094,Humans,True,['FSHR'],1,0.337084852,0.180000863468615,0.23098585513927794
DB09066,Humans,True,['FSHR'],1,0.337084852,0.180000863468615,0.23098585513927794
DB04786,Humans,False,['FSHR'],1,0.337084852,0.180000863468615,0.23098585513927794
DB00066,Humans,True,['FSHR'],1,0.337084852,0.180000863468615,0.23098585513927794
DB00032,Humans,True,"['FSHR', 'LHCGR']",2,0.23661257289999993,0.15176545237493605,0.22929731283095608
DB00097,Humans,True,"['FSHR', 'LHCGR']",2,0.23661257289999993,0.15176545237493605,0.22929731283095608
DB00570,Humans,False,"['TUBA1A', 'TUBB']",2,0.236234708,0.0462144867436651,0.22893113023498834
DB01244,Humans,False,['CACNA2D2'],1,0.32790523,0.2428047130911007,0.22469556109329888
DB09292,Humans,False,['MME'],1,0.327565306,0.0991954163258284,0.22446262972496092
DB00886,Humans,False,['MME'],1,0.327565306,0.0991954163258284,0.22446262972496092
DB11623,Humans,False,['MME'],1,0.327565306,0.0991954163258284,0.22446262972496092
DB00616,Humans,False,['MME'],1,0.327565306,0.0991954163258284,0.22446262972496092
DB00204,Humans,False,['KCNK2'],1,0.3234610999999999,0.0513572596636541,0.22165024131013597
DB01599,Humans,False,['ABCA1'],1,0.3205806,0.1016020616706518,0.21967639184232107
DB12267,Humans,False,"['ALK', 'EGFR']",2,0.21942104919999994,0.1528513075872571,0.21263729286851013
DB00619,Humans,False,['KIT'],1,0.3014520799999999,0.1784918871980796,0.2065686608851649
DB09103,Humans,True,['KIT'],1,0.3014520799999999,0.1784918871980796,0.2065686608851649
DB00091,Humans,False,['PPIA'],1,0.29900238,0.0450068579775371,0.20489001514959604
DB01179,Humans,False,"['TUBA4A', 'TUBB']",2,0.20910711519999994,0.0921790991929616,0.2026422308059572
DB08875,Humans,False,"['KDR', 'MET']",2,0.20400417977499996,0.09542490321917174,0.19769706087622185
DB12442,Humans,False,['HSP90AA1'],1,0.2873308,0.0291035843203547,0.1968921182665688
DB11363,Humans,False,['ALK'],1,0.285181032,0.111362974501928,0.19541899956400827
DB12130,Humans,False,['ALK'],1,0.285181032,0.111362974501928,0.19541899956400827
DB09063,Humans,False,['ALK'],1,0.285181032,0.111362974501928,0.19541899956400827
DB05885,Humans,False,['SV2A'],1,0.282508932,0.0392529639486283,0.19358795524429
DB01202,Humans,False,['SV2A'],1,0.282508932,0.0392529639486283,0.19358795524429
DB08916,Humans,False,"['EGFR', 'ERBB4']",2,0.19887512229999996,0.21257264444930363,0.19272657650187683
DB01221,Humans,True,"['CHRNA7', 'GRIN3A']",2,0.1985521424,0.12049368419203531,0.19241358204743714
DB15270,Humans,True,['FCGRT'],1,0.2772682590000001,0.10361273495304,0.18999680800872598
DB09098,Humans,True,"['GHR', 'IGF1R']",2,0.19532730129999998,0.1347408781987787,0.18928844212154933
DB00915,Humans,False,['GRIN3A'],1,0.275580662,0.1123160950350274,0.18884038987286889
DB03575,Humans,True,['GRIN3A'],1,0.275580662,0.1123160950350274,0.18884038987286889
DB00392,Humans,False,['GRIN3A'],1,0.275580662,0.1123160950350274,0.18884038987286889
DB01549,Humans,False,['GRIN3A'],1,0.275580662,0.1123160950350274,0.18884038987286889
DB00514,Humans,False,['GRIN3A'],1,0.275580662,0.1123160950350274,0.18884038987286889
DB00721,Humans,True,['GRIN3A'],1,0.275580662,0.1123160950350274,0.18884038987286889
DB00819,Humans,False,"['CA12', 'CA2']",2,0.19380620850000002,0.07996726592508666,0.18781437636362397
DB00831,Humans,False,['CALY'],1,0.273660702,0.0625012712092867,0.18752474605262032
DB09195,Humans,False,"['ADRA1B', 'HRH1']",2,0.19269963140000002,0.0825179967221077,0.1867420108829548
DB00477,Humans,False,"['ADRA1B', 'HRH1']",2,0.19269963140000002,0.0825179967221077,0.1867420108829548
DB04865,Humans,False,['RPL3'],1,0.271872056,0.1949656281596882,0.1862990845510722
DB00148,Humans,False,['CKB'],1,0.271041718,0.1202956330073152,0.18573009922928552
DB13191,Humans,False,['CKB'],1,0.271041718,0.1202956330073152,0.18573009922928552
DB00052,Humans,True,"['GHR', 'PRLR']",2,0.18700688839999996,0.0858280630256532,0.1812252682325593
DB16220,Humans,True,"['GHR', 'PRLR']",2,0.18700688839999996,0.0858280630256532,0.1812252682325593
DB14840,Humans,False,"['KDR', 'KIT', 'PDGFRB']",3,0.15178435371666657,0.0969059834273866,0.18014979923519378
DB05260,Humans,False,"['ATP6V1B2', 'IL1B']",2,0.18429875290999995,0.0634990127465248,0.17860085912771603
DB00561,Humans,False,['KCNK9'],1,0.258840548,0.2130778560322661,0.17736930321775277
DB09327,Humans,False,['DPYD'],1,0.2585761948,0.2151193096560524,0.17718815639493202
DB00191,Humans,True,['NPY'],1,0.25849399,0.114578295083462,0.17713182593121676
DB09272,Humans,False,['OPRK1'],1,0.2565339459999999,0.0648907629196531,0.17578871473305874
DB09209,Humans,False,['OPRK1'],1,0.2565339459999999,0.0648907629196531,0.17578871473305874
DB11691,Humans,False,['OPRK1'],1,0.2565339459999999,0.0648907629196531,0.17578871473305874
DB06738,Humans,True,['OPRK1'],1,0.2565339459999999,0.0648907629196531,0.17578871473305874
DB00327,Humans,False,['OPRK1'],1,0.2565339459999999,0.0648907629196531,0.17578871473305874
DB01571,Humans,False,['OPRK1'],1,0.2565339459999999,0.0648907629196531,0.17578871473305874
DB00497,Humans,False,['OPRK1'],1,0.2565339459999999,0.0648907629196531,0.17578871473305874
DB00454,Humans,True,['OPRK1'],1,0.2565339459999999,0.0648907629196531,0.17578871473305874
DB00318,Humans,False,['OPRK1'],1,0.2565339459999999,0.0648907629196531,0.17578871473305874
DB11130,Humans,True,['OPRK1'],1,0.2565339459999999,0.0648907629196531,0.17578871473305874
DB06230,Humans,False,['OPRK1'],1,0.2565339459999999,0.0648907629196531,0.17578871473305874
DB11938,Humans,False,['OPRK1'],1,0.2565339459999999,0.0648907629196531,0.17578871473305874
DB00611,Humans,False,['OPRK1'],1,0.2565339459999999,0.0648907629196531,0.17578871473305874
DB01497,Humans,False,['OPRK1'],1,0.2565339459999999,0.0648907629196531,0.17578871473305874
DB00921,Humans,False,['OPRK1'],1,0.2565339459999999,0.0648907629196531,0.17578871473305874
DB01183,Humans,False,['OPRK1'],1,0.2565339459999999,0.0648907629196531,0.17578871473305874
DB00844,Humans,False,['OPRK1'],1,0.2565339459999999,0.0648907629196531,0.17578871473305874
DB00836,Humans,False,['OPRK1'],1,0.2565339459999999,0.0648907629196531,0.17578871473305874
DB01209,Humans,False,['OPRK1'],1,0.2565339459999999,0.0648907629196531,0.17578871473305874
DB00295,Humans,False,['OPRK1'],1,0.2565339459999999,0.0648907629196531,0.17578871473305874
DB01439,Humans,False,['OPRK1'],1,0.2565339459999999,0.0648907629196531,0.17578871473305874
DB00652,Humans,False,['OPRK1'],1,0.2565339459999999,0.0648907629196531,0.17578871473305874
DB00647,Humans,False,['OPRK1'],1,0.2565339459999999,0.0648907629196531,0.17578871473305874
DB00704,Humans,False,['OPRK1'],1,0.2565339459999999,0.0648907629196531,0.17578871473305874
DB00643,Humans,False,['TUBA1A'],1,0.253008676,0.0431307232467568,0.173373039567843
DB11626,Humans,True,['TNFRSF1A'],1,0.248127806,0.0934318917212184,0.17002844569456613
DB12159,Humans,True,['IL4R'],1,0.247807124,0.0668069441192057,0.16980869981883695
DB06589,Humans,False,"['FLT1', 'KDR', 'KIT', 'PDGFRB']",4,0.12219445157749995,0.08573923405584702,0.1674663795981192
DB11800,Humans,False,"['FLT1', 'KDR', 'KIT', 'PDGFRB']",4,0.12219445157749995,0.08573923405584702,0.1674663795981192
DB04845,Humans,False,['TUBB3'],1,0.2428309439999999,0.0484141498478232,0.16639879520340503
DB06764,Humans,False,['ADRA1B'],1,0.242268298,0.0913097212133816,0.1660132446018886
DB00298,Humans,False,['ADRA1B'],1,0.242268298,0.0913097212133816,0.1660132446018886
DB11124,Humans,True,['ADRA1B'],1,0.242268298,0.0913097212133816,0.1660132446018886
DB11278,Humans,False,['ADRA1B'],1,0.242268298,0.0913097212133816,0.1660132446018886
DB00696,Humans,False,['ADRA1B'],1,0.242268298,0.0913097212133816,0.1660132446018886
DB00211,Humans,False,['ADRA1B'],1,0.242268298,0.0913097212133816,0.1660132446018886
DB00668,Humans,False,['ADRA1B'],1,0.242268298,0.0913097212133816,0.1660132446018886
DB09202,Humans,False,['ADRA1B'],1,0.242268298,0.0913097212133816,0.1660132446018886
DB09205,Humans,False,['ADRA1B'],1,0.242268298,0.0913097212133816,0.1660132446018886
DB01622,Humans,False,['ADRA1B'],1,0.242268298,0.0913097212133816,0.1660132446018886
DB00841,Humans,False,['ADRA1B'],1,0.242268298,0.0913097212133816,0.1660132446018886
DB06207,Humans,False,['ADRA1B'],1,0.242268298,0.0913097212133816,0.1660132446018886
DB09204,Humans,False,['ADRA1B'],1,0.242268298,0.0913097212133816,0.1660132446018886
DB00598,Humans,False,['ADRA1B'],1,0.242268298,0.0913097212133816,0.1660132446018886
DB00457,Humans,False,['ADRA1B'],1,0.242268298,0.0913097212133816,0.1660132446018886
DB00679,Humans,False,['ADRA1B'],1,0.242268298,0.0913097212133816,0.1660132446018886
DB00368,Humans,False,['ADRA1B'],1,0.242268298,0.0913097212133816,0.1660132446018886
DB00388,Humans,False,['ADRA1B'],1,0.242268298,0.0913097212133816,0.1660132446018886
DB01365,Humans,False,['ADRA1B'],1,0.242268298,0.0913097212133816,0.1660132446018886
DB06262,Humans,False,['ADRA1B'],1,0.242268298,0.0913097212133816,0.1660132446018886
DB09128,Humans,False,['ADRA1B'],1,0.242268298,0.0913097212133816,0.1660132446018886
DB01162,Humans,False,['ADRA1B'],1,0.242268298,0.0913097212133816,0.1660132446018886
DB01136,Humans,False,['ADRA1B'],1,0.242268298,0.0913097212133816,0.1660132446018886
DB01055,Humans,False,['CCL2'],1,0.2418444934,0.2044967054689266,0.16572283443553987
DB11700,Humans,False,['MC4R'],1,0.240719528,0.0809304759265128,0.16495195703366508
DB16379,Humans,True,['INHBA'],1,0.23804956,0.0404717304794241,0.16312237365720858
DB00202,Humans,False,"['CHRNA2', 'CHRNA7']",2,0.16303934739999995,0.09077207074669681,0.15799872249532826
DB13150,Humans,True,['F3'],1,0.2305091886,0.22317440857902,0.15795536859731715
DB16732,Humans,True,['F3'],1,0.2305091886,0.22317440857902,0.15795536859731715
DB00541,Humans,False,['TUBB'],1,0.21946074,0.0492982502405734,0.1503844696598788
DB06137,Humans,False,['TUBB'],1,0.21946074,0.0492982502405734,0.1503844696598788
DB11641,Humans,False,['TUBB'],1,0.21946074,0.0492982502405734,0.1503844696598788
DB00361,Humans,False,['TUBB'],1,0.21946074,0.0492982502405734,0.1503844696598788
DB01394,Humans,False,['TUBB'],1,0.21946074,0.0492982502405734,0.1503844696598788
DB11731,Humans,True,['TUBB'],1,0.21946074,0.0492982502405734,0.1503844696598788
DB11640,Humans,False,['KCNA1'],1,0.218816834,0.0935017039540442,0.14994323601453152
DB09227,Humans,False,['CACNA1C'],1,0.217984046,0.0823642383126334,0.14937257184143563
DB00825,Humans,False,['CACNA1C'],1,0.217984046,0.0823642383126334,0.14937257184143563
DB00343,Humans,False,['CACNA1C'],1,0.217984046,0.0823642383126334,0.14937257184143563
DB01115,Humans,False,['CACNA1C'],1,0.217984046,0.0823642383126334,0.14937257184143563
DB09229,Humans,False,['CACNA1C'],1,0.217984046,0.0823642383126334,0.14937257184143563
DB00393,Humans,False,['CACNA1C'],1,0.217984046,0.0823642383126334,0.14937257184143563
DB09236,Humans,False,['CACNA1C'],1,0.217984046,0.0823642383126334,0.14937257184143563
DB00653,Humans,False,['CACNA1C'],1,0.217984046,0.0823642383126334,0.14937257184143563
DB09232,Humans,False,['CACNA1C'],1,0.217984046,0.0823642383126334,0.14937257184143563
DB00661,Humans,False,['CACNA1C'],1,0.217984046,0.0823642383126334,0.14937257184143563
DB01373,Humans,False,['CACNA1C'],1,0.217984046,0.0823642383126334,0.14937257184143563
DB00308,Humans,False,['CACNA1C'],1,0.217984046,0.0823642383126334,0.14937257184143563
DB00381,Humans,False,['CACNA1C'],1,0.217984046,0.0823642383126334,0.14937257184143563
DB00082,Humans,True,['GHR'],1,0.216512512,0.0999466296224583,0.14836420988942325
DB09092,Humans,False,['GAPDH'],1,0.215771212,0.0204624974523851,0.14785623745044002
DB00864,Humans,False,['FKBP1A'],1,0.2155369066,0.1033803514769873,0.1476956807453207
DB06698,Humans,False,"['HRH1', 'HRH3']",2,0.151045067,0.060677851573290954,0.1463752646572558
DB06317,Humans,True,['SLAMF7'],1,0.2131958159999999,0.1506898804690281,0.14609145910500934
DB00232,Humans,False,['SLC12A1'],1,0.207853382,0.1199422892470548,0.14243058060900643
DB00774,Humans,False,['SLC12A1'],1,0.207853382,0.1199422892470548,0.14243058060900643
DB00695,Humans,False,['SLC12A1'],1,0.207853382,0.1199422892470548,0.14243058060900643
DB00310,Humans,False,['SLC12A1'],1,0.207853382,0.1199422892470548,0.14243058060900643
DB00534,Humans,False,['SLC12A1'],1,0.207853382,0.1199422892470548,0.14243058060900643
DB09078,Humans,False,"['FLT1', 'KDR', 'KIT']",3,0.11886026223666661,0.0900827992683335,0.1410728566855358
DB00565,Humans,False,['CHRNA2'],1,0.2045550719999999,0.0528728681443504,0.14017042874711125
DB00416,Humans,False,['CHRNA2'],1,0.2045550719999999,0.0528728681443504,0.14017042874711125
DB01337,Humans,False,['CHRNA2'],1,0.2045550719999999,0.0528728681443504,0.14017042874711125
DB01336,Humans,False,['CHRNA2'],1,0.2045550719999999,0.0528728681443504,0.14017042874711125
DB01339,Humans,False,['CHRNA2'],1,0.2045550719999999,0.0528728681443504,0.14017042874711125
DB01135,Humans,False,['CHRNA2'],1,0.2045550719999999,0.0528728681443504,0.14017042874711125
DB00657,Humans,False,['CHRNA2'],1,0.2045550719999999,0.0528728681443504,0.14017042874711125
DB00732,Humans,False,['CHRNA2'],1,0.2045550719999999,0.0528728681443504,0.14017042874711125
DB01245,Humans,False,['CHRNA2'],1,0.2045550719999999,0.0528728681443504,0.14017042874711125
DB01226,Humans,False,['CHRNA2'],1,0.2045550719999999,0.0528728681443504,0.14017042874711125
DB08960,Humans,False,['CHRNA2'],1,0.2045550719999999,0.0528728681443504,0.14017042874711125
DB01199,Humans,False,['CHRNA2'],1,0.2045550719999999,0.0528728681443504,0.14017042874711125
DB01338,Humans,False,['CHRNA2'],1,0.2045550719999999,0.0528728681443504,0.14017042874711125
DB00686,Humans,False,['FGF2'],1,0.2005805358,0.2558638680751941,0.13744689597044707
DB06772,Humans,False,['TUBA4A'],1,0.1987534903999999,0.1350599481453498,0.13619492145544482
DB10772,Humans,True,"['EGFR', 'IL1B', 'IL6', 'TGFBR2']",4,0.09919496868719997,0.10251827594531478,0.13594579840524418
DB00893,Humans,True,['FTL'],1,0.19624076,0.0876571734505491,0.13447308442617825
DB13995,Humans,False,['FTL'],1,0.19624076,0.0876571734505491,0.13447308442617825
DB09147,Humans,False,['FTL'],1,0.19624076,0.0876571734505491,0.13447308442617825
DB09517,Humans,False,['FTL'],1,0.19624076,0.0876571734505491,0.13447308442617825
DB05889,Humans,True,['CD22'],1,0.195662918,0.1148329116937482,0.13407712083507217
DB09036,Humans,True,['IL6'],1,0.191193789,0.122267666746046,0.1310146706013466
DB13127,Humans,True,['IL6'],1,0.191193789,0.122267666746046,0.1310146706013466
DB09068,Humans,False,['HTR7'],1,0.191185522,0.0851680986043009,0.13100900567735757
DB06288,Humans,False,['HTR7'],1,0.191185522,0.0851680986043009,0.13100900567735757
DB09225,Humans,False,['HTR7'],1,0.191185522,0.0851680986043009,0.13100900567735757
DB00247,Humans,False,['HTR7'],1,0.191185522,0.0851680986043009,0.13100900567735757
DB01039,Humans,False,['PPARA'],1,0.1900608074,0.1588382785533761,0.13023830013503723
DB09422,Humans,True,['PPARA'],1,0.1900608074,0.1588382785533761,0.13023830013503723
DB01241,Humans,False,['PPARA'],1,0.1900608074,0.1588382785533761,0.13023830013503723
DB13873,Humans,False,['PPARA'],1,0.1900608074,0.1588382785533761,0.13023830013503723
DB00636,Humans,False,['PPARA'],1,0.1900608074,0.1588382785533761,0.13023830013503723
DB05239,Humans,False,['MAP2K1'],1,0.1865756722,0.1160937675729115,0.12785012715819874
DB11689,Humans,False,['MAP2K1'],1,0.1865756722,0.1160937675729115,0.12785012715819874
DB08911,Humans,False,['MAP2K1'],1,0.1865756722,0.1160937675729115,0.12785012715819874
DB04941,Humans,True,['ANO1'],1,0.185588522,0.1188094541770959,0.12717368699262907
DB08900,Humans,True,['GLP2R'],1,0.183999702,0.0440498303951805,0.1260849553448409
DB04878,Humans,False,['MGAM'],1,0.1827358608,0.0879343435435241,0.12521891393535553
DB00491,Humans,False,['MGAM'],1,0.1827358608,0.0879343435435241,0.12521891393535553
DB00284,Humans,False,['MGAM'],1,0.1827358608,0.0879343435435241,0.12521891393535553
DB00869,Humans,False,['CA2'],1,0.178998537,0.1300509283983697,0.12265792987228238
DB00880,Humans,False,['CA2'],1,0.178998537,0.1300509283983697,0.12265792987228238
DB00562,Humans,False,['CA2'],1,0.178998537,0.1300509283983697,0.12265792987228238
DB00311,Humans,False,['CA2'],1,0.178998537,0.1300509283983697,0.12265792987228238
DB09472,Humans,False,['CA2'],1,0.178998537,0.1300509283983697,0.12265792987228238
DB01194,Humans,False,['CA2'],1,0.178998537,0.1300509283983697,0.12265792987228238
DB01144,Humans,False,['CA2'],1,0.178998537,0.1300509283983697,0.12265792987228238
DB01119,Humans,False,['CA2'],1,0.178998537,0.1300509283983697,0.12265792987228238
DB01031,Humans,False,['CA2'],1,0.178998537,0.1300509283983697,0.12265792987228238
DB00606,Humans,False,['CA2'],1,0.178998537,0.1300509283983697,0.12265792987228238
DB00703,Humans,False,['CA2'],1,0.178998537,0.1300509283983697,0.12265792987228238
DB01277,Humans,True,['IGF1R'],1,0.1741420906,0.1695351267750991,0.11933007215934643
DB14751,Humans,True,['IGF1R'],1,0.1741420906,0.1695351267750991,0.11933007215934643
DB05084,Humans,True,['PTH1R'],1,0.170698432,0.0894964536457063,0.11697032083320638
DB05121,Humans,True,['HLA-DRA'],1,0.1702618112,0.2589200571148067,0.11667112842434786
DB09030,Humans,False,['F2R'],1,0.161116706,0.052237153976547,0.11040448685790731
DB11642,Humans,False,['HRH3'],1,0.1589591692,0.0476294309157481,0.10892604462063211
DB00939,Humans,False,"['ALOX5', 'PTGS1', 'PTGS2']",3,0.09108548431999997,0.06945433944343873,0.10810753092587438
DB04894,Humans,False,['SSTR2'],1,0.15594411326,0.1754583517817472,0.1068599913095398
DB09099,Humans,False,['SSTR2'],1,0.15594411326,0.1754583517817472,0.1068599913095398
DB15494,Humans,False,['SSTR2'],1,0.15594411326,0.1754583517817472,0.1068599913095398
DB13925,Humans,False,['SSTR2'],1,0.15594411326,0.1754583517817472,0.1068599913095398
DB13985,Humans,False,['SSTR2'],1,0.15594411326,0.1754583517817472,0.1068599913095398
DB15873,Humans,False,['SSTR2'],1,0.15594411326,0.1754583517817472,0.1068599913095398
DB00317,Humans,False,['EGFR'],1,0.1536610663999999,0.1943396406725862,0.10529554387693858
DB15327,Humans,False,['EGFR'],1,0.1536610663999999,0.1943396406725862,0.10529554387693858
DB16640,Humans,False,['EGFR'],1,0.1536610663999999,0.1943396406725862,0.10529554387693858
DB13164,Humans,False,['EGFR'],1,0.1536610663999999,0.1943396406725862,0.10529554387693858
DB16390,Humans,False,['EGFR'],1,0.1536610663999999,0.1943396406725862,0.10529554387693858
DB09330,Humans,False,['EGFR'],1,0.1536610663999999,0.1943396406725862,0.10529554387693858
DB12202,Humans,True,['EGFR'],1,0.1536610663999999,0.1943396406725862,0.10529554387693858
DB11828,Humans,False,['EGFR'],1,0.1536610663999999,0.1943396406725862,0.10529554387693858
DB11963,Humans,False,['EGFR'],1,0.1536610663999999,0.1943396406725862,0.10529554387693858
DB09559,Humans,True,['EGFR'],1,0.1536610663999999,0.1943396406725862,0.10529554387693858
DB00002,Humans,True,['EGFR'],1,0.1536610663999999,0.1943396406725862,0.10529554387693858
DB00530,Humans,False,['EGFR'],1,0.1536610663999999,0.1943396406725862,0.10529554387693858
DB01269,Humans,True,['EGFR'],1,0.1536610663999999,0.1943396406725862,0.10529554387693858
DB01259,Humans,False,['EGFR'],1,0.1536610663999999,0.1943396406725862,0.10529554387693858
DB14070,Humans,False,['ABCB1'],1,0.1514082932,0.1125408034523392,0.10375184133157227
DB04905,Humans,False,['ABCB1'],1,0.1514082932,0.1125408034523392,0.10375184133157227
DB14062,Humans,False,['ABCB1'],1,0.1514082932,0.1125408034523392,0.10375184133157227
DB14069,Humans,False,['ABCB1'],1,0.1514082932,0.1125408034523392,0.10375184133157227
DB14061,Humans,False,['ABCB1'],1,0.1514082932,0.1125408034523392,0.10375184133157227
DB14064,Humans,False,['ABCB1'],1,0.1514082932,0.1125408034523392,0.10375184133157227
DB14072,Humans,False,['ABCB1'],1,0.1514082932,0.1125408034523392,0.10375184133157227
DB06191,Humans,False,['ABCB1'],1,0.1514082932,0.1125408034523392,0.10375184133157227
DB14065,Humans,False,['ABCB1'],1,0.1514082932,0.1125408034523392,0.10375184133157227
DB14063,Humans,False,['ABCB1'],1,0.1514082932,0.1125408034523392,0.10375184133157227
DB12872,Humans,True,['COL1A1'],1,0.148979124,0.111038962922789,0.10208726423292531
DB00048,Humans,True,['COL1A1'],1,0.148979124,0.111038962922789,0.10208726423292531
DB13133,Humans,True,['COL1A1'],1,0.148979124,0.111038962922789,0.10208726423292531
DB06779,Humans,True,['TFPI'],1,0.1436384244,0.1005205258972983,0.09842757422660015
DB14562,Humans,True,['TFPI'],1,0.1436384244,0.1005205258972983,0.09842757422660015
DB00283,Humans,False,['HRH1'],1,0.1431309648,0.0737262722308338,0.09807983985361018
DB00354,Humans,False,['HRH1'],1,0.1431309648,0.0737262722308338,0.09807983985361018
DB00737,Humans,False,['HRH1'],1,0.1431309648,0.0737262722308338,0.09807983985361018
DB11235,Humans,False,['HRH1'],1,0.1431309648,0.0737262722308338,0.09807983985361018
DB00748,Humans,False,['HRH1'],1,0.1431309648,0.0737262722308338,0.09807983985361018
DB01106,Humans,False,['HRH1'],1,0.1431309648,0.0737262722308338,0.09807983985361018
DB01084,Humans,False,['HRH1'],1,0.1431309648,0.0737262722308338,0.09807983985361018
DB01114,Humans,False,['HRH1'],1,0.1431309648,0.0737262722308338,0.09807983985361018
DB01176,Humans,False,['HRH1'],1,0.1431309648,0.0737262722308338,0.09807983985361018
DB06016,Humans,False,['HRH1'],1,0.1431309648,0.0737262722308338,0.09807983985361018
DB01146,Humans,False,['HRH1'],1,0.1431309648,0.0737262722308338,0.09807983985361018
DB00768,Humans,False,['HRH1'],1,0.1431309648,0.0737262722308338,0.09807983985361018
DB11591,Humans,False,['HRH1'],1,0.1431309648,0.0737262722308338,0.09807983985361018
DB00719,Humans,False,['HRH1'],1,0.1431309648,0.0737262722308338,0.09807983985361018
DB01237,Humans,False,['HRH1'],1,0.1431309648,0.0737262722308338,0.09807983985361018
DB11614,Humans,False,['HRH1'],1,0.1431309648,0.0737262722308338,0.09807983985361018
DB01246,Humans,False,['HRH1'],1,0.1431309648,0.0737262722308338,0.09807983985361018
DB04890,Humans,False,['HRH1'],1,0.1431309648,0.0737262722308338,0.09807983985361018
DB04837,Humans,False,['HRH1'],1,0.1431309648,0.0737262722308338,0.09807983985361018
DB00637,Humans,False,['HRH1'],1,0.1431309648,0.0737262722308338,0.09807983985361018
DB00557,Humans,False,['HRH1'],1,0.1431309648,0.0737262722308338,0.09807983985361018
DB01620,Humans,False,['HRH1'],1,0.1431309648,0.0737262722308338,0.09807983985361018
DB06282,Humans,False,['HRH1'],1,0.1431309648,0.0737262722308338,0.09807983985361018
DB00777,Humans,False,['HRH1'],1,0.1431309648,0.0737262722308338,0.09807983985361018
DB01075,Humans,False,['HRH1'],1,0.1431309648,0.0737262722308338,0.09807983985361018
DB08802,Humans,False,['HRH1'],1,0.1431309648,0.0737262722308338,0.09807983985361018
DB00342,Humans,False,['HRH1'],1,0.1431309648,0.0737262722308338,0.09807983985361018
DB00902,Humans,False,['HRH1'],1,0.1431309648,0.0737262722308338,0.09807983985361018
DB00366,Humans,False,['HRH1'],1,0.1431309648,0.0737262722308338,0.09807983985361018
DB00920,Humans,False,['HRH1'],1,0.1431309648,0.0737262722308338,0.09807983985361018
DB00835,Humans,False,['HRH1'],1,0.1431309648,0.0737262722308338,0.09807983985361018
DB00950,Humans,False,['HRH1'],1,0.1431309648,0.0737262722308338,0.09807983985361018
DB00967,Humans,False,['HRH1'],1,0.1431309648,0.0737262722308338,0.09807983985361018
DB00972,Humans,False,['HRH1'],1,0.1431309648,0.0737262722308338,0.09807983985361018
DB00985,Humans,False,['HRH1'],1,0.1431309648,0.0737262722308338,0.09807983985361018
DB09016,Humans,False,['HRH1'],1,0.1431309648,0.0737262722308338,0.09807983985361018
DB08936,Humans,False,['HRH1'],1,0.1431309648,0.0737262722308338,0.09807983985361018
DB01071,Humans,False,['HRH1'],1,0.1431309648,0.0737262722308338,0.09807983985361018
DB00405,Humans,False,['HRH1'],1,0.1431309648,0.0737262722308338,0.09807983985361018
DB08800,Humans,False,['HRH1'],1,0.1431309648,0.0737262722308338,0.09807983985361018
DB00792,Humans,False,['HRH1'],1,0.1431309648,0.0737262722308338,0.09807983985361018
DB08799,Humans,False,['HRH1'],1,0.1431309648,0.0737262722308338,0.09807983985361018
DB00341,Humans,False,['HRH1'],1,0.1431309648,0.0737262722308338,0.09807983985361018
DB00427,Humans,False,['HRH1'],1,0.1431309648,0.0737262722308338,0.09807983985361018
DB00434,Humans,False,['HRH1'],1,0.1431309648,0.0737262722308338,0.09807983985361018
DB06691,Humans,False,['HRH1'],1,0.1431309648,0.0737262722308338,0.09807983985361018
DB09488,Humans,False,['HRH1'],1,0.1431309648,0.0737262722308338,0.09807983985361018
DB09555,Humans,False,['HRH1'],1,0.1431309648,0.0737262722308338,0.09807983985361018
DB01615,Humans,False,['HRH1'],1,0.1431309648,0.0737262722308338,0.09807983985361018
DB00455,Humans,False,['HRH1'],1,0.1431309648,0.0737262722308338,0.09807983985361018
DB01069,Humans,False,['HRH1'],1,0.1431309648,0.0737262722308338,0.09807983985361018
DB01619,Humans,False,['HRH1'],1,0.1431309648,0.0737262722308338,0.09807983985361018
DB00044,Humans,True,['LHCGR'],1,0.1361402937999999,0.1235300412812571,0.09328951448196644
DB09126,Humans,True,['LHCGR'],1,0.1361402937999999,0.1235300412812571,0.09328951448196644
DB00014,Humans,False,['LHCGR'],1,0.1361402937999999,0.1235300412812571,0.09328951448196644
DB06719,Humans,False,['LHCGR'],1,0.1361402937999999,0.1235300412812571,0.09328951448196644
DB15463,Humans,False,['EPAS1'],1,0.1322491336,0.0474907775751091,0.09062311472846789
DB00102,Humans,True,['PDGFRB'],1,0.1321970196,0.0727085384183876,0.09058740384800763
DB00092,Humans,True,['CD2'],1,0.1313142533999999,0.1267596621308872,0.0899824923416458
DB06607,Humans,True,['FCGR2A'],1,0.130257806,0.038743612839025,0.08925856658630323
DB00184,Humans,False,['CHRNA7'],1,0.1215236228,0.1286712733490432,0.08327350744340493
DB00674,Humans,False,['CHRNA7'],1,0.1215236228,0.1286712733490432,0.08327350744340493
DB11726,Humans,False,['CHRNA7'],1,0.1215236228,0.1286712733490432,0.08327350744340493
DB00461,Humans,False,['PTGS2'],1,0.1213287749999999,0.0673962679547043,0.08313998887845611
DB01009,Humans,False,['PTGS2'],1,0.1213287749999999,0.0673962679547043,0.08313998887845611
DB00712,Humans,False,['PTGS2'],1,0.1213287749999999,0.0673962679547043,0.08313998887845611
DB00814,Humans,False,['PTGS2'],1,0.1213287749999999,0.0673962679547043,0.08313998887845611
DB00469,Humans,False,['PTGS2'],1,0.1213287749999999,0.0673962679547043,0.08313998887845611
DB13167,Humans,False,['PTGS2'],1,0.1213287749999999,0.0673962679547043,0.08313998887845611
DB00784,Humans,False,['PTGS2'],1,0.1213287749999999,0.0673962679547043,0.08313998887845611
DB00328,Humans,False,['PTGS2'],1,0.1213287749999999,0.0673962679547043,0.08313998887845611
DB00465,Humans,False,['PTGS2'],1,0.1213287749999999,0.0673962679547043,0.08313998887845611
DB00482,Humans,False,['PTGS2'],1,0.1213287749999999,0.0673962679547043,0.08313998887845611
DB00749,Humans,False,['PTGS2'],1,0.1213287749999999,0.0673962679547043,0.08313998887845611
DB14060,Canis lupus familiaris,False,['PTGS2'],1,0.1213287749999999,0.0673962679547043,0.08313998887845611
DB14059,Canis lupus familiaris,False,['PTGS2'],1,0.1213287749999999,0.0673962679547043,0.08313998887845611
DB08439,Humans,False,['PTGS2'],1,0.1213287749999999,0.0673962679547043,0.08313998887845611
DB08910,Humans,False,['PTGS2'],1,0.1213287749999999,0.0673962679547043,0.08313998887845611
DB04743,Humans,False,['PTGS2'],1,0.1213287749999999,0.0673962679547043,0.08313998887845611
DB00821,Humans,False,['PTGS2'],1,0.1213287749999999,0.0673962679547043,0.08313998887845611
DB00533,Humans,False,['PTGS2'],1,0.1213287749999999,0.0673962679547043,0.08313998887845611
DB00554,Humans,False,['PTGS2'],1,0.1213287749999999,0.0673962679547043,0.08313998887845611
DB00573,Humans,False,['PTGS2'],1,0.1213287749999999,0.0673962679547043,0.08313998887845611
DB00580,Humans,False,['PTGS2'],1,0.1213287749999999,0.0673962679547043,0.08313998887845611
DB00861,Humans,False,['PTGS2'],1,0.1213287749999999,0.0673962679547043,0.08313998887845611
DB00605,Humans,False,['PTGS2'],1,0.1213287749999999,0.0673962679547043,0.08313998887845611
DB01628,Humans,False,['PTGS2'],1,0.1213287749999999,0.0673962679547043,0.08313998887845611
DB00963,Humans,False,['PTGS2'],1,0.1213287749999999,0.0673962679547043,0.08313998887845611
DB13961,Humans,True,['PTGS2'],1,0.1213287749999999,0.0673962679547043,0.08313998887845611
DB00500,Humans,False,['PTGS2'],1,0.1213287749999999,0.0673962679547043,0.08313998887845611
DB09213,Humans,False,['PTGS2'],1,0.1213287749999999,0.0673962679547043,0.08313998887845611
DB04552,Humans,False,['PTGS2'],1,0.1213287749999999,0.0673962679547043,0.08313998887845611
DB00179,Humans,False,['ALOX5'],1,0.116974158,0.082773914661431,0.08015600746967713
DB00711,Humans,False,['ALOX5'],1,0.116974158,0.082773914661431,0.08015600746967713
DB00744,Humans,False,['ALOX5'],1,0.116974158,0.082773914661431,0.08015600746967713
DB14805,Humans,False,['FOLH1'],1,0.1138136395999999,0.0396476241266689,0.07799027667229486
DB00089,Humans,True,['FOLH1'],1,0.1138136395999999,0.0396476241266689,0.07799027667229486
DB00098,Humans,True,"['CD86', 'ITGAV']",2,0.079291788291,0.07319647210086941,0.07684035451645846
DB00035,Humans,False,['AVPR1B'],1,0.1110691833999999,0.0490057817700077,0.07610965059702615
DB14642,Humans,False,['AVPR1B'],1,0.1110691833999999,0.0490057817700077,0.07610965059702615
DB00067,Humans,False,['AVPR1B'],1,0.1110691833999999,0.0490057817700077,0.07610965059702615
DB09215,Humans,False,"['PTGS1', 'PTGS2']",2,0.07814114747999995,0.0627945518344426,0.075725287625624
DB00316,Humans,False,"['PTGS1', 'PTGS2']",2,0.07814114747999995,0.0627945518344426,0.075725287625624
DB01050,Humans,True,"['PTGS1', 'PTGS2']",2,0.07814114747999995,0.0627945518344426,0.075725287625624
DB09216,Humans,False,"['PTGS1', 'PTGS2']",2,0.07814114747999995,0.0627945518344426,0.075725287625624
DB00812,Humans,True,"['PTGS1', 'PTGS2']",2,0.07814114747999995,0.0627945518344426,0.075725287625624
DB00991,Humans,False,"['PTGS1', 'PTGS2']",2,0.07814114747999995,0.0627945518344426,0.075725287625624
DB00788,Humans,False,"['PTGS1', 'PTGS2']",2,0.07814114747999995,0.0627945518344426,0.075725287625624
DB00870,Humans,False,"['PTGS1', 'PTGS2']",2,0.07814114747999995,0.0627945518344426,0.075725287625624
DB06725,Humans,False,"['PTGS1', 'PTGS2']",2,0.07814114747999995,0.0627945518344426,0.075725287625624
DB00945,Humans,False,"['PTGS1', 'PTGS2']",2,0.07814114747999995,0.0627945518344426,0.075725287625624
DB09212,Humans,False,"['PTGS1', 'PTGS2']",2,0.07814114747999995,0.0627945518344426,0.075725287625624
DB00936,Humans,False,"['PTGS1', 'PTGS2']",2,0.07814114747999995,0.0627945518344426,0.075725287625624
DB01600,Humans,False,"['PTGS1', 'PTGS2']",2,0.07814114747999995,0.0627945518344426,0.075725287625624
DB06736,Humans,False,"['PTGS1', 'PTGS2']",2,0.07814114747999995,0.0627945518344426,0.075725287625624
DB01399,Humans,False,"['PTGS1', 'PTGS2']",2,0.07814114747999995,0.0627945518344426,0.075725287625624
DB11323,Humans,False,"['PTGS1', 'PTGS2']",2,0.07814114747999995,0.0627945518344426,0.075725287625624
DB01283,Humans,False,"['PTGS1', 'PTGS2']",2,0.07814114747999995,0.0627945518344426,0.075725287625624
DB13346,Humans,False,"['PTGS1', 'PTGS2']",2,0.07814114747999995,0.0627945518344426,0.075725287625624
DB11201,Humans,False,"['PTGS1', 'PTGS2']",2,0.07814114747999995,0.0627945518344426,0.075725287625624
DB01397,Humans,False,"['PTGS1', 'PTGS2']",2,0.07814114747999995,0.0627945518344426,0.075725287625624
DB13783,Humans,False,"['PTGS1', 'PTGS2']",2,0.07814114747999995,0.0627945518344426,0.075725287625624
DB11079,Humans,False,"['PTGS1', 'PTGS2']",2,0.07814114747999995,0.0627945518344426,0.075725287625624
DB00586,Humans,False,"['PTGS1', 'PTGS2']",2,0.07814114747999995,0.0627945518344426,0.075725287625624
DB00154,Humans,False,"['PTGS1', 'PTGS2']",2,0.07814114747999995,0.0627945518344426,0.075725287625624
DB11986,Humans,False,['NTRK3'],1,0.1094644683999999,0.0752754035747333,0.07501002697309117
DB00928,Humans,False,['DNMT1'],1,0.10841855842,0.0770206524895053,0.07429332193667208
DB01262,Humans,False,['DNMT1'],1,0.10841855842,0.0770206524895053,0.07429332193667208
DB09079,Humans,False,"['FLT1', 'KDR', 'PDGFRB']",3,0.062441908769999964,0.05482168300843617,0.07411104671418187
DB00028,Humans,True,"['C3', 'FCGR2A']",2,0.076158853619,0.040964031529297354,0.07380427958282364
DB11365,Humans,False,['AQP3'],1,0.0865006136,0.0457761609597686,0.05927415036279428
DB12157,Humans,True,['NGF'],1,0.0860811978,0.0622479160038255,0.05898674760159893
DB06650,Humans,True,['MS4A1'],1,0.0825395467,0.1142163784508095,0.05655984736243166
DB09336,Humans,True,['MS4A1'],1,0.0825395467,0.1142163784508095,0.05655984736243166
DB11988,Humans,True,['MS4A1'],1,0.0825395467,0.1142163784508095,0.05655984736243166
DB08935,Humans,True,['MS4A1'],1,0.0825395467,0.1142163784508095,0.05655984736243166
DB00081,Humans,True,['MS4A1'],1,0.0825395467,0.1142163784508095,0.05655984736243166
DB00078,Humans,True,['MS4A1'],1,0.0825395467,0.1142163784508095,0.05655984736243166
DB00073,Humans,True,['MS4A1'],1,0.0825395467,0.1142163784508095,0.05655984736243166
DB00026,Humans,True,['IL1R1'],1,0.0547233728799999,0.058357235544908,0.03749894130749117
DB06626,Humans,False,"['FLT1', 'KDR']",2,0.02756435335499995,0.045878255303460444,0.02671215682564618
DB10770,Humans,True,['FLT1'],1,0.03342474516,0.0522389859412283,0.022904153947549803
DB06168,Humans,True,['IL1B'],1,0.03277128782,0.0543701136141558,0.02245637529009492
DB11601,Humans,True,['TLR2'],1,0.027619573256,0.0505221089215583,0.01892618641646671
DB00045,Humans,True,['TLR2'],1,0.027619573256,0.0505221089215583,0.01892618641646671
DB11606,Humans,True,['VWF'],1,0.027440209952,0.0481911774109384,0.018803278531673812
DB13998,Humans,True,['VWF'],1,0.027440209952,0.0481911774109384,0.018803278531673812
DB13999,Humans,True,['VWF'],1,0.027440209952,0.0481911774109384,0.018803278531673812
DB14738,Humans,True,['VWF'],1,0.027440209952,0.0481911774109384,0.018803278531673812
DB11607,Humans,True,['VWF'],1,0.027440209952,0.0481911774109384,0.018803278531673812
DB09108,Humans,True,['VWF'],1,0.027440209952,0.0481911774109384,0.018803278531673812
DB09329,Humans,True,['VWF'],1,0.027440209952,0.0481911774109384,0.018803278531673812
DB00025,Humans,True,['VWF'],1,0.027440209952,0.0481911774109384,0.018803278531673812
DB09266,Humans,True,['MRC1'],1,0.0261189035939999,0.0491135704596633,0.017897859385150972
DB06681,Humans,True,['CD86'],1,0.024470703782,0.0479690026692704,0.016768437992417506
DB01281,Humans,True,['CD86'],1,0.024470703782,0.0479690026692704,0.016768437992417506
DB00019,Humans,True,['CSF3R'],1,0.022561718192,0.0443540334809678,0.015460314336493898
DB00099,Humans,True,['CSF3R'],1,0.022561718192,0.0443540334809678,0.015460314336493898
DB13144,Humans,True,['CSF3R'],1,0.022561718192,0.0443540334809678,0.015460314336493898
DB13200,Humans,True,['CSF3R'],1,0.022561718192,0.0443540334809678,0.015460314336493898
DB16694,Humans,True,['C3'],1,0.022059901238,0.0431844502195697,0.015116446560901664
DB00095,Humans,True,['ITGAX'],1,0.022029573232,0.043251288013433,0.015095664433318608
DB05578,Humans,True,['KDR'],1,0.0217039615499999,0.0395175246656926,0.014872540515516062
DB00758,Humans,False,['P2RY12'],1,0.02073046567,0.0423149385958293,0.014205456910357973
DB06209,Humans,False,['P2RY12'],1,0.02073046567,0.0423149385958293,0.014205456910357973
DB06441,Humans,False,['P2RY12'],1,0.02073046567,0.0423149385958293,0.014205456910357973
DB08816,Humans,False,['P2RY12'],1,0.02073046567,0.0423149385958293,0.014205456910357973
DB01240,Humans,False,['P2RY12'],1,0.02073046567,0.0423149385958293,0.014205456910357973
DB00374,Humans,False,['P2RY12'],1,0.02073046567,0.0423149385958293,0.014205456910357973
DB00208,Humans,False,['P2RY12'],1,0.02073046567,0.0423149385958293,0.014205456910357973
DB01207,Humans,False,['TBXAS1'],1,0.01758044344,0.0368658619702822,0.012046918565525184
DB12010,Humans,False,['SYK'],1,0.017215419067,0.0362724119393043,0.01179678728123928
DB12978,Humans,False,['CSF1R'],1,0.0159640012404,0.0333520844886995,0.01093925893163033
